id,name,artists,duration_ms,release_date,year,acousticness,danceability,energy,instrumentalness,liveness,loudness,speechiness,tempo,valence,mode,key,popularity,explicit,cluster
5YNhmCXEqrlftVm5QJBJFI,Makes Me Happy,['Drake Bell'],127693,1/1/06,2006,0.00787,0.457,0.831,0.0,0.217,-5.786,0.0427,159.919,0.676,1,0,47,0,1
5H4mXWKcicuLKDn4Jy0sK7,Time Flies,['Drake'],192932,5/1/20,2020,0.201,0.864,0.477,0.0,0.182,-5.786,0.224,86.46,0.5,1,10,79,1,1
6wWaVoUOzLQJHd3bWAUpdZ,"Never Recover (Lil Baby & Gunna, Drake)","['Lil Baby', 'Gunna', 'Drake']",194732,10/5/18,2018,0.0677,0.753,0.686,0.0,0.193,-5.415,0.284,132.055,0.886,0,1,72,1,1
6WGTfHSQtUcEx5vgpxTLCs,LOYAL (feat. Drake and Bad Bunny) - Remix,"['PARTYNEXTDOOR', 'Drake', 'Bad Bunny']",281120,3/27/20,2020,0.479,0.877,0.529,0.00159,0.094,-6.235,0.0461,104.984,0.422,0,0,71,1,1
3szf2z1Cy1QMrtHrbn8rz9,Elevate,['Drake'],184960,6/29/18,2018,0.015,0.758,0.474,0.0,0.116,-8.72,0.146,76.062,0.0541,1,1,64,1,1
7wbClNblLd3hkosmuYAdN9,305 To My City,"['Drake', 'Detail']",255853,1/1/13,2013,0.0567,0.419,0.494,0.0,0.144,-8.782,0.345,67.622,0.134,0,4,46,1,1
0m1KYWlT6LhFRBDVq9UNx4,HYFR (Hell Ya Fucking Right),"['Drake', 'Lil Wayne']",206627,11/15/11,2011,0.123,0.444,0.627,0.0,0.0795,-8.744,0.252,98.21,0.359,0,7,68,1,1
7y6c07pgjZvtHI9kuMVqk1,Get It Together,"['Drake', 'Black Coffee', 'Jorja Smith']",250337,3/18/17,2017,0.0945,0.781,0.721,0.391,0.104,-9.133,0.0514,123.011,0.849,0,5,70,1,1
0jF2AdhsalO1L7KkhK4LE5,Practice,['Drake'],237733,11/15/11,2011,0.574,0.446,0.239,7.76e-05,0.12,-15.327,0.0876,104.675,0.31,1,1,61,1,0
1MLC5UtuCC9d5gN30e7cqj,Fly,['Nick Drake'],178000,3/6/70,1970,0.556,0.522,0.231,0.676,0.117,-18.562,0.0335,114.307,0.639,1,8,46,0,2
5NFYuqu8V6QXc6mzcLImd6,Hype,['Drake'],209413,5/6/16,2016,0.0255,0.787,0.635,0.0,0.356,-8.282,0.153,130.014,0.238,0,4,61,1,1
5pekaGq0N6VkDiTZJgK18A,Only,"['Nicki Minaj', 'Drake', 'Lil Wayne', 'Chris Brown']",312027,12/15/14,2014,0.411,0.668,0.494,0.0,0.0969,-7.251,0.73,120.056,0.257,0,8,52,1,3
3NxAG2ni1lLa8RKL6a0INc,Childs Play,['Drake'],241400,5/6/16,2016,0.017,0.745,0.473,1.12e-05,0.197,-11.243,0.0955,80.006,0.296,0,10,65,1,1
5Psnhdkyanjpgc2P8A5TSM,Emotionless,['Drake'],302173,6/29/18,2018,0.0249,0.413,0.677,0.0,0.0793,-5.12,0.255,172.501,0.0845,1,1,67,1,1
1zi7xx7UVEFkmKfv06H8x0,One Dance,"['Drake', 'WizKid', 'Kyla']",173987,5/6/16,2016,0.00776,0.792,0.625,0.00188,0.329,-5.609,0.0536,103.967,0.37,1,1,82,0,1
6NwhtCYkfwWlcR62Ac4E7y,Successful (feat. Trey Songz & Lil Wayne),"['Drake', 'Trey Songz', 'Lil Wayne']",375050,2009,2009,0.536,0.562,0.544,0.0,0.17,-5.065,0.369,159.517,0.231,1,8,61,1,1
2YkQuh1bijWzQJie9KfFQi,Place To Be,['Nick Drake'],161293,2/25/72,1972,0.872,0.342,0.224,0.163,0.109,-16.362,0.0357,53.477,0.404,1,5,58,0,0
0tPXaLMdNve22CgtE7ll7j,Finale: Sands of Time,"['Alfred Drake', 'Richard Kiley', 'Doretta Morrow', 'Kismet Ensemble']",182400,1953,1953,0.973,0.269,0.202,0.000287,0.112,-12.83,0.0294,89.971,0.124,0,0,5,0,0
63M8PK8yavNITSViKUB62p,Schemin Up (feat. Drake and P. Reign),"['OB OBrien', 'Drake', 'Preme']",330770,12/15/14,2014,0.338,0.752,0.766,0.0,0.0861,-5.11,0.251,141.82,0.501,1,1,52,1,1
3Jv1XgMPVjdN5xGfnRJ20s,Pop That,"['French Montana', 'Rick Ross', 'Drake', 'Lil Wayne']",303533,1/1/13,2013,0.0648,0.734,0.892,0.0,0.58,-1.856,0.125,138.031,0.605,1,2,62,1,1
17Y0n2MCrMnl1hd7zGZMJK,Kick Off,['Pete Drake'],118259,1962,1962,0.602,0.678,0.562,0.827,0.119,-8.917,0.028,100.614,0.97,1,4,10,0,2
6bqtKURdSWkInAJHDkuaL0,I'm The Plug,"['Drake', 'Future']",180000,9/20/15,2015,0.000379,0.828,0.55,0.0016,0.134,-9.158,0.255,160.016,0.254,1,5,56,1,1
4ckuS4Nj4FZ7i3Def3Br8W,Sneakin’,"['Drake', '21 Savage']",251333,10/24/16,2016,0.00496,0.806,0.558,1.45e-06,0.16,-6.538,0.172,85.011,0.26,1,8,65,1,1
1Juj6Rg5MhutU8gW43934B,Hazey Jane II,['Nick Drake'],226427,3/6/70,1970,0.227,0.637,0.46,0.133,0.074,-17.001,0.0317,150.313,0.945,1,10,48,0,2
27mF2eUbhExYWiOT0y9cuc,Diced Pineapples,"['Rick Ross', 'Wale', 'Drake']",276160,1/1/12,2012,0.352,0.511,0.735,0.0,0.196,-6.026,0.239,110.965,0.379,1,2,58,1,1
5mPSyjLatqB00IkPqRlbTE,Pop Style,['Drake'],212947,5/6/16,2016,0.192,0.713,0.462,2.16e-06,0.105,-10.027,0.123,133.054,0.0595,1,7,64,1,1
6hHKFReuQR9VQp39ev43wY,Outro (feat. Chilly Gonzales),"['Drake', 'Chilly Gonzales']",174398,2009,2009,0.988,0.397,0.0906,0.856,0.344,-21.655,0.054,185.167,0.136,1,5,45,1,0
4BhGTc3Cgay2U1QcTS7vQe,Fire & Desire,['Drake'],238120,5/6/16,2016,0.0671,0.722,0.252,0.0,0.0852,-14.411,0.0762,79.923,0.276,0,1,69,1,2
7wsmIIm0xWmtP7TmACXkJn,Oprah’s Bank Account (Lil Yachty & DaBaby feat. Drake),"['Lil Yachty', 'DaBaby', 'Drake']",206702,3/9/20,2020,0.17,0.836,0.617,0.0,0.319,-4.363,0.0534,138.066,0.866,1,0,83,1,1
5TqBAOIBe0bQA0spNdcG3k,For Free (feat. Drake),"['DJ Khaled', 'Drake']",183695,8/5/16,2016,0.0173,0.916,0.571,1.11e-06,0.153,-8.241,0.2,103.521,0.498,0,10,54,1,1
047fCsbO4NdmwCBn8pcUXl,Marvins Room,['Drake'],347227,11/15/11,2011,0.646,0.492,0.26,0.00178,0.0705,-17.341,0.0921,111.519,0.312,0,9,74,1,0
0zqy3ss4CwD6u4QPksS0nI,8 Out Of 10,['Drake'],195720,6/29/18,2018,0.161,0.529,0.69,0.0,0.498,-7.87,0.74,170.54,0.311,1,2,62,1,3
4t8lKgGi7fPQKxZj2xmw3h,After Hours,['Pete Drake'],202611,1962,1962,0.873,0.711,0.419,0.741,0.248,-9.869,0.0288,108.924,0.749,1,7,14,0,2
3EtIraJEHVSbBvLw5msioH,Northern Sky,['Nick Drake'],224013,3/6/70,1970,0.552,0.53,0.264,0.694,0.133,-18.16,0.038,90.048,0.489,0,5,62,0,0
2znzyzlAUc8Z1Ikq9aFOcx,Tuesday (feat. Drake),"['ILOVEMAKONNEN', 'Drake']",321987,9/1/14,2014,0.215,0.77,0.664,0.000118,0.105,-5.604,0.211,140.163,0.472,1,0,64,1,1
3Mc00D5lLah9WAn62rDKrH,Three Hours,['Nick Drake'],372627,7/3/69,1969,0.929,0.447,0.214,0.735,0.115,-18.98,0.0427,119.063,0.141,1,7,44,0,0
6sLosoOzEFYafR3Zozkem8,Tearing Down The Tee Pee,['Pete Drake'],148178,1962,1962,0.735,0.594,0.698,0.783,0.104,-9.979,0.0283,89.6,0.861,0,4,11,0,2
0l2MlJk8MAvKfYDvJ4nv6l,Hazey Jane I,['Nick Drake'],269347,3/6/70,1970,0.661,0.529,0.268,0.369,0.188,-19.784,0.0314,118.799,0.717,1,2,41,0,2
49IDQFjpzccnBxi77rtxbn,"Kiss Me, Kate: So in Love (Reprise)","['Cole Porter', 'Alfred Drake', 'Pembroke Davenport', 'Original Broadway Cast Orchestra']",131133,1949,1949,0.948,0.188,0.249,1.03e-05,0.302,-15.497,0.0415,172.38,0.135,1,8,0,0,0
7pjJBo6DULg6YK66PA8v7r,Own It,['Drake'],251973,1/1/13,2013,0.0487,0.654,0.342,3.37e-05,0.313,-11.305,0.101,103.064,0.294,0,8,54,1,1
7EdJ8z6IBotTjO50DfzzuV,Furthest Thing,['Drake'],267373,1/1/13,2013,0.147,0.484,0.78,0.0,0.057,-5.264,0.135,137.101,0.271,0,9,57,1,1
4MOy68Xuz84lkfu1NQH6Bg,Tuscan Leather,['Drake'],366400,1/1/13,2013,0.115,0.597,0.679,0.0,0.231,-5.401,0.39,79.95,0.3,1,6,51,0,1
7yfg0Eer6UZZt5tZ1XdsWz,Make Me Proud,"['Drake', 'Nicki Minaj']",219893,11/15/11,2011,0.00268,0.684,0.486,0.000148,0.157,-10.155,0.132,131.913,0.355,1,1,66,1,1
1HuIThAQ9aWdUJ2118ov8i,People Will Say We're In Love,"['Alfred Drake', 'Joan Roberts']",190053,12/2/43,1943,0.94,0.349,0.159,0.0,0.18,-12.689,0.0379,78.985,0.184,1,1,10,0,0
3U9w4E6zI2amnboVXaW8UX,The Motto,"['Drake', 'Lil Wayne']",181587,11/15/11,2011,0.000112,0.779,0.455,0.000397,0.103,-8.582,0.347,201.876,0.358,1,1,42,0,1
6z8AcVULG39BBPsNbTgTdM,Pore Jud Is Daid - Alternate Take / Complete Version,"['Alfred Drake', 'Howard Da Silva']",228880,12/2/43,1943,0.817,0.474,0.216,0.0,0.171,-13.012,0.0828,139.528,0.386,1,4,2,0,2
46ymJU8Bt4i3nj91UV1WPk,With You,"['Lil Wayne', 'Drake']",229373,1/1/10,2010,0.762,0.391,0.467,0.0,0.242,-7.451,0.0622,150.783,0.468,1,8,46,1,2
7fJtPlEZKxu6gvkfBFc5tW,Too Good,"['Drake', 'Rihanna']",263373,5/13/16,2016,0.0484,0.793,0.653,4.91e-05,0.1,-7.839,0.103,117.993,0.393,1,7,58,1,1
466cKvZn1j45IpxDdYZqdA,Toosie Slide,['Drake'],247059,5/1/20,2020,0.289,0.83,0.49,3.04e-06,0.113,-8.82,0.209,81.604,0.845,0,1,87,1,2
3QLjDkgLh9AOEHlhQtDuhs,Best I Ever Had,['Drake'],257690,2009,2009,0.19,0.395,0.922,0.0,0.134,-2.176,0.375,162.361,0.558,1,1,70,1,1
7y911sqgHGHcyU4ivapjwi,All Me,"['Drake', '2 Chainz', 'Big Sean']",270867,1/1/13,2013,0.0705,0.67,0.515,0.0,0.25,-6.977,0.397,122.006,0.422,1,1,66,1,1
1d2eMMrAuIsw85u3YklKoc,Toosie Slide,['Drake'],247059,4/2/20,2020,0.344,0.832,0.431,5.48e-06,0.114,-9.81,0.197,81.597,0.847,0,8,69,0,2
1TIzYuKM2ZzznANW4q9axG,Pore Jud Is Daid,"['Alfred Drake', 'Howard Da Silva']",169667,12/2/43,1943,0.873,0.399,0.16,0.0,0.185,-13.306,0.0347,135.557,0.279,1,4,4,0,0
5mZJwWdxAOR4xUvSGZvvMU,6PM In New York,['Drake'],283307,2/12/15,2015,0.107,0.554,0.85,0.0,0.155,-4.155,0.251,128.429,0.383,1,5,55,1,1
5ORf8BZMbq4xN9kiumrPcQ,Round of Applause (feat. Drake),"['Waka Flocka Flame', 'Drake']",266000,6/8/12,2012,0.343,0.712,0.758,0.0,0.141,-4.835,0.26,140.02,0.903,1,9,49,1,1
4FDSPGncHRpr6yB8DD4CtI,Let’s Call It Off (feat. Peter Bjorn and John),"['Drake', 'Peter Bjorn and John']",234176,2009,2009,0.00427,0.79,0.731,0.29,0.157,-4.607,0.0327,127.403,0.938,0,9,50,1,1
2WqtCYZXu5cdUHgB9TAU9o,Impatient Freestyle,['Drakeo the Ruler'],238054,4/7/17,2017,0.239,0.802,0.317,1.44e-05,0.214,-19.212,0.394,93.519,0.433,1,2,56,1,2
51q0vXgCI2CW9x4K8SdfXS,Unusual (feat. Drake),"['Trey Songz', 'Drake']",212347,9/13/10,2010,0.182,0.591,0.658,0.0,0.615,-5.881,0.195,81.933,0.623,0,0,45,0,1
3ppVO2tyWRRznNmONvt7Se,Summers Over Interlude,['Drake'],106333,5/6/16,2016,0.405,0.698,0.255,0.00242,0.0985,-8.647,0.0303,132.036,0.243,0,4,58,1,2
16QcqyiNj7m5jbFGBVo4df,Know,['Nick Drake'],143227,2/25/72,1972,0.893,0.678,0.0607,0.758,0.105,-20.424,0.0613,120.246,0.655,0,11,45,0,2
5A0kF2tQKywlhOoflyrpwr,Your Library,['Ludwig Von Drake'],184880,1/1/06,2006,0.819,0.539,0.878,0.0,0.106,-2.708,0.16,135.891,0.813,1,2,43,0,1
127QTOFJsJQp5LbJbu3A1y,Toosie Slide,['Drake'],247059,4/3/20,2020,0.321,0.834,0.454,6.15e-06,0.114,-9.75,0.201,81.618,0.837,0,1,95,1,2
4UaWrzY75h1tAvlxa4NKP9,Blessings - Extended Version,"['Big Sean', 'Drake', 'Kanye West']",301960,2/3/15,2015,0.292,0.645,0.606,0.0,0.129,-8.074,0.512,118.8,0.121,0,10,56,1,1
0Y0TOsE1q11qgbi7c5WZsG,R.I.C.O. (feat. Drake),"['Meek Mill', 'Drake']",197133,6/29/15,2015,0.317,0.727,0.599,0.0,0.219,-6.941,0.327,167.909,0.386,1,1,70,1,1
04MLEeAMuV9IlHEsD8vF6A,No Stylist (feat. Drake),"['French Montana', 'Drake']",192172,9/20/18,2018,0.0215,0.765,0.704,0.0,0.227,-4.589,0.127,147.055,0.498,0,5,73,1,1
4OkiWfrZKmmVoILXk8JEtl,In The Morning,"['J. Cole', 'Drake']",234387,9/27/11,2011,0.764,0.44,0.671,0.0,0.212,-10.598,0.477,83.078,0.479,0,3,65,0,2
03L2AoiRbWhvt7BDMx1jUB,U With Me?,['Drake'],297373,5/6/16,2016,0.337,0.429,0.43,1.18e-05,0.138,-11.373,0.165,174.984,0.125,1,2,60,1,1
4ksuI04WMvUnJbHQjgs3L5,Talk Up (feat. Jay-Z),"['Drake', 'JAY-Z']",223240,6/29/18,2018,0.00359,0.758,0.49,6.61e-06,0.292,-9.877,0.139,140.116,0.335,1,11,61,1,1
2qLcJOLrh6Djda4uLbldSA,Faithful,"['Drake', 'Pimp C', 'dvsn']",290133,5/6/16,2016,0.112,0.537,0.449,1.51e-05,0.285,-10.494,0.102,100.007,0.169,1,1,58,1,1
74atKkOasLOVzvqB6mYgga,The Real Her,"['Drake', 'Lil Wayne', 'André 3000']",321080,11/15/11,2011,0.166,0.567,0.309,0.0,0.12,-14.254,0.385,65.041,0.509,1,8,58,1,2
3gsjZVbVHhSEiQnpLBfzU6,"Kiss Me, Kate: Wunderbar","['Cole Porter', 'Patricia Morison', 'Alfred Drake', 'Pembroke Davenport', 'Original Broadway Cast Orchestra']",214867,1949,1949,0.957,0.323,0.251,0.0,0.372,-13.423,0.0596,86.4,0.21,1,8,8,0,0
0wQPwZhvz0pAq7ezuYYYkS,Sunday,['Nick Drake'],223080,3/6/70,1970,0.243,0.43,0.236,0.884,0.159,-20.675,0.0346,123.365,0.503,0,8,38,0,0
3KRsRqcimXCJ6uzVm6iPSx,Round of Applause (feat. Drake),"['Waka Flocka Flame', 'Drake']",266000,10/14/11,2011,0.343,0.712,0.758,0.0,0.141,-4.835,0.26,140.02,0.903,1,9,43,1,1
5aooThgj87ID0vgiyvcjPM,I'm Goin In,"['Drake', 'Lil Wayne', 'Jeezy']",225307,9/15/09,2009,0.0389,0.662,0.763,0.0,0.103,-8.455,0.377,170.031,0.566,1,1,61,1,1
2P3SLxeQHPqh8qKB6gtJY2,Poetic Justice,"['Kendrick Lamar', 'Drake']",300160,2012,2012,0.157,0.779,0.572,0.0,0.246,-9.985,0.378,135.956,0.647,0,6,69,1,1
32BNHfgpllA7lHnALwD3bE,Moment 4 Life,"['Nicki Minaj', 'Drake']",279307,11/22/10,2010,0.409,0.475,0.882,0.0,0.243,-3.883,0.351,98.0,0.369,1,11,50,1,1
4o4wEDRqotccDTXiQ7TORu,Un-thinkable (I'm Ready) (feat. Drake) - Remix,"['Alicia Keys', 'Drake']",282027,5/28/10,2010,0.728,0.531,0.603,0.0,0.11,-6.242,0.0944,86.162,0.228,1,7,48,0,2
5KdhJG3BXUmLoO4JdycCPw,Come and See Me (feat. Drake),"['PARTYNEXTDOOR', 'Drake']",235477,3/23/16,2016,0.0538,0.807,0.346,2.55e-06,0.087,-10.275,0.0613,84.98,0.0608,1,2,52,0,1
7mPoCVGP752A5DtHf1SKkM,Say What's Real,['Drake'],230717,2009,2009,0.632,0.462,0.773,0.0,0.212,-5.375,0.288,86.157,0.455,1,8,49,1,1
3C9UV0uRiF3DAKe1tCWIdU,I'm Single,"['Lil Wayne', 'Drake']",333040,1/1/10,2010,0.044,0.567,0.381,0.0,0.107,-5.238,0.507,85.537,0.689,0,5,51,1,1
43iKgGbmfqPLh3mxUlospI,Sooner Than Later,['Drake'],262047,2009,2009,0.178,0.616,0.501,1.2e-05,0.105,-5.722,0.24,94.554,0.506,0,5,50,1,1
1rX5L6pyl3rVWb55D8Cprr,Gold Roses (feat. Drake),"['Rick Ross', 'Drake']",349600,8/15/19,2019,0.00991,0.502,0.633,0.0,0.389,-5.8,0.419,83.226,0.552,1,1,70,1,1
0B5OTb36fzLayn6XQHg5A1,Scholarships,"['Drake', 'Future']",209288,9/20/15,2015,0.0966,0.739,0.416,1.27e-05,0.1,-9.319,0.285,109.168,0.259,0,0,60,1,1
6MlGqWzDiLkZ0vmAEsisEk,The Calm,['Drake'],243724,2009,2009,0.819,0.471,0.784,1.13e-05,0.107,-8.25,0.883,160.833,0.258,0,11,48,1,3
0xl1w2q4VLojeXp4JfazPL,Sacrifices,"['Drake', '2 Chainz', 'Young Thug']",307593,3/18/17,2017,0.0407,0.903,0.439,0.0,0.138,-11.813,0.397,139.112,0.532,1,8,62,1,1
1GxHeBvQ9935Dd3cSfsfBa,Best I Ever Had,['Drake'],258760,1/1/10,2010,0.0951,0.431,0.894,0.0,0.188,-2.673,0.33,162.161,0.605,0,5,68,1,1
0XVslUQaQnN63VgeQpk444,Finale - Alternate Take,"['Alfred Drake', 'Joan Roberts', 'Oklahoma Chorus']",203547,12/2/43,1943,0.947,0.286,0.238,5.1e-05,0.276,-11.276,0.0314,85.423,0.236,0,5,2,0,0
4XKBoqWQjPdNM4t0znWu7E,Too Much,"['Drake', 'Sampha']",261853,1/1/13,2013,0.173,0.637,0.569,0.0,0.18,-5.858,0.55,140.269,0.148,1,6,50,1,1
1DmnEYXa4WfbdhAPwNzgD8,30 for 30 Freestyle,['Drake'],253935,9/20/15,2015,0.671,0.744,0.619,0.0,0.123,-9.143,0.398,89.252,0.317,0,4,54,1,2
6t2eIONH4Sax3R21QWiKNp,Believe Me,"['Lil Wayne', 'Drake']",337640,5/28/14,2014,0.272,0.844,0.491,0.0,0.111,-8.807,0.17,91.935,0.196,0,10,60,1,1
343YBumqHu19cGoGARUTsd,Fake Love,['Drake'],210937,3/18/17,2017,0.105,0.928,0.481,0.0,0.176,-9.35,0.287,134.007,0.613,0,9,75,1,1
4K3BhUMfBHZuUfeC3kbhrQ,Connect,['Drake'],296413,1/1/13,2013,0.408,0.683,0.488,0.0,0.132,-9.473,0.135,75.039,0.469,0,6,51,1,2
2jTujnt0y344ai1rNOywgr,KMT,"['Drake', 'Giggs']",162638,3/18/17,2017,0.0189,0.875,0.6,0.0143,0.132,-6.818,0.0435,119.987,0.0906,1,1,62,1,1
7a9CcfKkg5E9JlU0nflL8K,Road,['Nick Drake'],119827,2/25/72,1972,0.864,0.579,0.26,0.836,0.0978,-16.071,0.0458,150.821,0.818,1,7,48,0,2
2XHzzp1j4IfTNp1FTn7YFg,Love Me,"['Lil Wayne', 'Drake', 'Future']",255053,1/1/13,2013,0.0125,0.669,0.634,0.0,0.0946,-6.476,0.0327,124.906,0.496,1,11,60,1,1
7J8g9TwJYxmO0Xy3L916er,Wu-Tang Forever,['Drake'],217680,1/1/13,2013,0.0474,0.832,0.427,0.0,0.101,-8.516,0.257,99.935,0.369,0,8,50,1,1
1CXz5N3un9UcEugy33qg77,"Kiss Me, Kate: We Open in Venice","['Cole Porter', 'Alfred Drake', 'Patricia Morison', 'Lisa Kirk', 'Harold Lang', 'Pembroke Davenport', 'Original Broadway Cast Orchestra']",133800,1949,1949,0.714,0.725,0.392,0.0,0.16,-12.358,0.469,121.17,0.821,1,10,7,0,2
1Ug1mV9h5qVSs4rvvnQWux,I Invented Sex (feat. Drake),"['Trey Songz', 'Drake']",247933,8/31/09,2009,0.0678,0.69,0.76,0.0,0.184,-4.778,0.0587,89.958,0.468,1,0,59,0,1
4NVNapccSX7E5JLiW0uQEy,Pound Cake / Paris Morton Music 2,"['Drake', 'JAY-Z']",432853,1/1/13,2013,0.139,0.52,0.762,1.11e-05,0.114,-6.75,0.538,164.096,0.265,1,2,61,1,1
1EoHEkVcysf4WVDx6r9WzQ,Over,['Drake'],233560,1/1/10,2010,0.0109,0.325,0.848,0.0,0.124,-5.611,0.279,100.093,0.433,1,7,58,1,1
1QOsGLu95jy9bF0LlR0ih2,"Kiss Me, Kate: So in Love (Reprise)","['Cole Porter', 'Alfred Drake', 'Pembroke Davenport', 'Original Broadway Cast Orchestra']",130427,1949,1949,0.95,0.248,0.237,5.44e-06,0.467,-15.493,0.0386,84.5,0.14,1,1,5,0,0
7eYAHC0RbBF9eaqWzT34Aq,Desires (with Future),"['Drake', 'Future']",237946,5/1/20,2020,0.281,0.812,0.506,0.0,0.325,-7.706,0.116,145.074,0.554,0,5,78,1,1
6EC5hHjYlwVmj8cpjSjJWA,"Deuces Remix (feat. Drake, T.I., Kanye West, Fabolous, Rick Ross & André 3000)","['Chris Brown', 'Drake', 'T.I.', 'Kanye West', 'Fabolous', 'Rick Ross', 'André 3000']",403787,6/25/10,2010,0.292,0.657,0.641,0.0,0.0883,-5.152,0.295,148.261,0.256,1,1,46,1,1
2yg9UN4eo5eMVJ7OB4RWj3,Survival,['Drake'],136187,6/29/18,2018,0.133,0.607,0.596,0.0,0.123,-9.09,0.358,77.324,0.149,0,9,61,1,1
1gmK889zKeVBpdmkv0hv4N,Oklahoma,"['Alfred Drake', 'Oklahoma Chorus']",150493,12/2/43,1943,0.887,0.672,0.441,0.0,0.122,-10.989,0.17,68.552,0.765,0,6,18,0,2
23NWj2izXAJ4yL6Nah73wf,Pop Style,"['Drake', 'The Throne']",209453,4/4/16,2016,0.179,0.789,0.488,7.94e-06,0.104,-9.093,0.227,133.114,0.0644,0,4,57,1,1
76gUmNLXGQVOsGhfcshkFP,Madiba Riddim,['Drake'],205163,3/18/17,2017,0.245,0.839,0.521,0.00545,0.607,-10.45,0.166,105.992,0.33,1,7,63,0,1
3SnXwQUrvSacFziUYXTNKY,Congratulations,['Drake'],332530,2009,2009,0.0185,0.333,0.859,0.0,0.22,-2.286,0.148,86.882,0.125,1,6,57,1,1
4AUo4CPTghr09esofcujq2,Connect,['Drake'],296413,1/1/13,2013,0.408,0.683,0.488,0.0,0.132,-9.473,0.135,75.039,0.469,0,6,49,1,2
739vCwA3EpBSkk3uDsI2wB,Lemon (feat. Drake) - Drake Remix,"['N.E.R.D', 'Rihanna', 'Drake']",226107,3/18/18,2018,0.000738,0.777,0.657,3.34e-06,0.0932,-6.434,0.237,189.992,0.245,1,1,64,1,1
42yexCY4dCftowtAZXuAIj,' Cello Song,['Nick Drake'],284987,7/3/69,1969,0.657,0.507,0.39,0.859,0.0613,-17.218,0.0326,118.805,0.52,1,3,51,0,2
0llA0pYA6GpGk7fTjew0wO,The Resistance,['Drake'],225360,1/1/10,2010,0.822,0.547,0.741,0.0,0.117,-8.127,0.163,82.589,0.637,1,0,49,1,2
5bvnqVuq7UFl0txSlHpsfS,LOYAL (feat. Drake),"['PARTYNEXTDOOR', 'Drake']",197973,11/22/19,2019,0.517,0.866,0.53,0.00159,0.0946,-6.347,0.0495,104.952,0.203,0,0,67,0,1
6GCsFtfTR4R9Y0ECkFJhNr,"Hold On, We're Going Home","['Drake', 'Majid Jordan']",227880,1/1/13,2013,0.00415,0.776,0.413,2.68e-05,0.0724,-7.438,0.0952,100.003,0.287,0,6,54,0,1
5r7WvQtyPfy1xch5zMgGRp,Behind Barz - Bonus,['Drake'],163121,9/13/19,2019,0.769,0.854,0.554,1.84e-06,0.0749,-4.684,0.172,142.069,0.272,1,8,72,1,2
46X8c9qJzpBLYcos3OX0CE,The Zone,"['The Weeknd', 'Drake']",418507,1/1/12,2012,0.26,0.619,0.521,0.000542,0.101,-8.092,0.0744,139.886,0.254,0,3,60,1,1
2k79z9A1dbdQ8gQG8M1Zz5,Gonorrhea,"['Lil Wayne', 'Drake']",262440,1/1/10,2010,0.0311,0.715,0.745,0.0,0.0823,-5.71,0.25,148.042,0.687,1,9,47,1,1
4CpKEkdGbOJV51cSvx7SoG,Controlla,['Drake'],245227,5/13/16,2016,0.0781,0.611,0.468,0.0,0.101,-11.084,0.179,92.092,0.349,0,10,60,1,1
1pEDdOIbtqaFb72B3pOrsY,Throw It In The Bag - Remix,"['Fabolous', 'Drake', 'The Dream']",247667,2/21/10,2010,0.307,0.519,0.852,0.0,0.13,-6.696,0.25,113.619,0.551,0,1,45,1,1
13e6f8t7RKXuxZ0JdaaJRG,Jorja Interlude,['Drake'],107673,3/18/17,2017,0.762,0.735,0.373,0.00202,0.288,-10.478,0.104,123.081,0.237,1,11,61,1,2
1rlIrbWboTRGeKfHhgbJRZ,FLIP THE SWITCH (feat. Drake),"['Quavo', 'Drake']",156195,10/12/18,2018,0.129,0.853,0.637,0.0,0.267,-5.924,0.331,86.048,0.496,0,3,73,1,1
2ihHmJILRA4cwd5JvjD4kE,Rhymes Have I,"['Alfred Drake', 'Doretta Morrow']",165267,1953,1953,0.942,0.454,0.408,0.0,0.614,-11.467,0.116,79.722,0.528,0,0,6,0,2
3lSR267IJfT54p0Gfuw7mi,Right Hand,['Drake'],190595,7/31/15,2015,0.117,0.916,0.301,0.0,0.089,-7.657,0.237,100.518,0.351,1,2,62,1,1
5mCPDVBb16L4XQwDdbRUpz,Passionfruit,['Drake'],298941,3/18/17,2017,0.256,0.809,0.463,0.085,0.109,-11.377,0.0396,111.98,0.364,1,11,80,1,1
47PfqyXzLIKQp37yJNITrs,Roll Bounce,['Drakeo the Ruler'],206379,12/26/17,2017,0.0596,0.906,0.253,0.000108,0.0803,-11.742,0.206,94.529,0.138,1,1,54,1,1
7KcGEssn7BnJdTgildK5y0,No Frauds,"['Nicki Minaj', 'Drake', 'Lil Wayne']",272453,3/10/17,2017,0.0884,0.867,0.558,4.05e-06,0.541,-6.975,0.258,139.061,0.432,1,1,64,1,1
4d0eRQkWI8LrRJfCHmyOVI,Which Will,['Nick Drake'],176800,2/25/72,1972,0.917,0.618,0.188,0.155,0.104,-16.797,0.0286,95.386,0.429,0,4,48,0,0
6mX6GwNPScxbBBQOuXnsIW,Southern Sunday,['Pete Drake'],144548,1962,1962,0.938,0.468,0.272,0.0757,0.105,-11.97,0.0277,97.555,0.241,1,7,12,0,0
6Na5uKk5SsqZimk0hAWo8y,Signs,['Drake'],234373,6/23/17,2017,0.108,0.794,0.735,0.00578,0.112,-4.204,0.054,107.374,0.223,1,0,69,0,1
5DI9jxTHrEiFAhStG7VA8E,Started From the Bottom,['Drake'],174133,1/1/13,2013,0.0328,0.794,0.522,0.0,0.156,-7.829,0.159,86.318,0.567,1,8,66,1,1
7v0hKO3RYhEXt2EPXf4AOS,Show Me A Good Time,['Drake'],210360,1/1/10,2010,0.0386,0.667,0.734,0.0,0.108,-6.064,0.119,128.318,0.704,0,6,51,1,1
0wwPcA6wtMf6HUMpIRdeP7,Hotline Bling,['Drake'],267067,5/6/16,2016,0.00261,0.891,0.625,0.000176,0.0504,-7.861,0.0558,134.967,0.548,1,2,77,0,1
2G7V7zsVDxg1yRsu7Ew9RJ,In My Feelings,['Drake'],217925,6/29/18,2018,0.0589,0.835,0.626,6e-05,0.396,-5.833,0.125,91.03,0.35,1,1,81,1,1
2FbGlEPAjNhWvrVvlentVq,Cameras / Good Ones Go Interlude - Medley,['Drake'],434960,11/15/11,2011,0.255,0.441,0.403,1.27e-05,0.13,-11.18,0.147,139.92,0.158,0,2,58,1,1
1QBwk6GTCxVdC2hoSw9tlM,Lord Knows,"['Drake', 'Rick Ross']",307640,11/15/11,2011,0.0786,0.417,0.887,0.0,0.834,-5.551,0.367,167.579,0.303,0,5,57,1,1
65It2EZqzrXpaZzBGNoxkp,Lonely Room,['Alfred Drake'],155507,12/2/43,1943,0.934,0.389,0.307,0.0,0.116,-11.824,0.0787,81.474,0.36,0,0,3,0,0
1iLv1ieT9BZ3qsti9yTCnG,Odio (feat. Drake),"['Romeo Santos', 'Drake']",225000,2/25/14,2014,0.574,0.802,0.725,0.0,0.0821,-5.965,0.0676,128.04,0.598,0,0,70,0,1
4iiWcajF1fEUpwcUewc464,"Life Is Good (feat. Drake, DaBaby & Lil Baby) - Remix","['Future', 'DaBaby', 'Drake', 'Lil Baby']",315346,2/15/20,2020,0.107,0.81,0.566,0.0,0.122,-8.33,0.433,142.069,0.582,1,5,76,1,1
7tdRhr5bo9CbPko5fWLhk9,Fate,['Alfred Drake'],148600,1953,1953,0.87,0.416,0.483,7.17e-06,0.109,-11.065,0.0942,81.1,0.502,1,10,6,0,2
27GmP9AWRs744SzKcpJsTZ,Jumpman,"['Drake', 'Future']",205879,9/20/15,2015,0.0559,0.852,0.553,0.0,0.332,-7.286,0.187,142.079,0.656,1,1,74,1,1
4b0JUNVDwcGdStrJD20M1A,Moment 4 Life,"['Nicki Minaj', 'Drake']",279307,1/1/10,2010,0.406,0.68,0.882,0.0,0.241,-3.883,0.236,97.943,0.386,1,11,63,1,1
6AXmJlFl23xT2IOFTrRfK2,Star Gazing,['Pete Drake'],154550,1962,1962,0.942,0.488,0.192,0.566,0.117,-13.248,0.0256,90.867,0.343,1,5,11,0,0
608a1wIsSd5KzMEqm1O7w3,I'm On One,"['DJ Khaled', 'Drake', 'Rick Ross', 'Lil Wayne']",296147,1/1/11,2011,0.0536,0.413,0.807,0.0,0.631,-3.499,0.318,149.33,0.438,0,11,67,1,1
4xRxYWgAtL6pzRz94GlZlA,The Ride,['Drake'],351000,11/15/11,2011,0.517,0.556,0.702,0.0,0.343,-10.079,0.205,155.948,0.793,0,0,55,1,1
524wvipGqxPKYWxkjf9y46,Little Bit (feat. Lykke Li),"['Drake', 'Lykke Li']",230484,2009,2009,0.0999,0.758,0.888,0.0336,0.661,-4.899,0.0374,120.392,0.771,0,11,53,1,1
1uDjaezEbalGyGnuH80zDK,Who Do You Love?,"['YG', 'Drake']",233507,1/1/14,2014,0.0281,0.676,0.415,0.0,0.0915,-9.752,0.508,193.206,0.146,1,9,65,1,1
0BIlo0WFbuVM9xaql1vXvG,Rahadlakum,"['Joan Diener', 'Alfred Drake', 'Lucy Andonian', 'Kismet Ensemble']",266493,1953,1953,0.932,0.462,0.272,1.06e-06,0.0987,-12.267,0.0473,69.893,0.365,0,9,5,0,0
53VIWPPMz9S7ob0D8JxF9N,Miss Me,"['Drake', 'Lil Wayne']",305520,1/1/10,2010,0.081,0.429,0.864,0.0,0.331,-5.975,0.604,100.832,0.332,1,2,50,1,1
11L064movtyopGdLiX4sVg,Peak,['Drake'],206027,6/29/18,2018,0.85,0.686,0.215,0.000123,0.106,-13.54,0.0387,91.998,0.273,0,9,61,1,2
1YBFT39emtMy8BCLJ10Rxh,Till Tomorrow,['Pete Drake'],175602,1962,1962,0.902,0.555,0.259,0.848,0.0836,-16.461,0.0287,104.135,0.377,1,0,14,0,0
3Uh7rAb7F0XGVpEEDwfH1k,River Man,['Nick Drake'],258680,7/3/69,1969,0.852,0.473,0.118,0.735,0.112,-20.098,0.0339,114.521,0.0921,1,8,57,0,0
5o5KX1f1JBQ2SxGzE8RQQA,It's Good,"['Lil Wayne', 'Drake', 'Jadakiss']",241467,1/1/11,2011,0.0244,0.666,0.715,0.0,0.119,-7.292,0.156,85.356,0.1,1,8,47,1,1
1C7KSXR2GVxknex6I4ANco,9,['Drake'],255787,5/6/16,2016,0.000803,0.689,0.712,0.000601,0.237,-7.184,0.0451,100.004,0.0379,1,10,60,1,1
1zCi4cVFqe6ja16MeGZKRN,Poetic Justice,"['Kendrick Lamar', 'Drake']",300160,2012,2012,0.157,0.779,0.572,0.0,0.246,-9.985,0.378,135.956,0.647,0,6,54,1,1
6HfOzLLjsaXsehIFEsrxTk,Trophies,"['Young Money', 'Drake']",188320,1/1/14,2014,0.155,0.746,0.687,0.0,0.137,-7.475,0.382,143.931,0.283,1,1,71,1,1
4gowy3WT6D1yhMLgRBlf9C,Change Locations,"['Drake', 'Future']",220862,9/20/15,2015,0.0207,0.787,0.329,2.95e-06,0.118,-9.991,0.391,137.85,0.209,1,0,56,1,1
6j9iyrrmqWlQZ5SD1hSTaq,No Lie,"['2 Chainz', 'Drake']",237827,1/1/12,2012,0.0172,0.634,0.665,0.0,0.365,-5.984,0.176,131.108,0.611,0,6,60,1,1
5f5r2N4Lp9WoULWPH9zp2W,Can't Have Everything,['Drake'],228438,3/18/17,2017,0.0136,0.856,0.572,1.55e-06,0.121,-8.429,0.373,82.445,0.454,1,1,59,1,1
3mvYQKm8h6M5K5h0nVPY9S,After Dark (feat. Static Major & Ty Dolla $ign),"['Drake', 'Static Major', 'Ty Dolla $ign']",289560,6/29/18,2018,0.0414,0.686,0.428,0.0,0.138,-13.072,0.192,141.95,0.329,1,2,62,1,1
3BtuIIrQlkujKPuWF2B85z,Too Good,"['Drake', 'Rihanna']",263373,5/6/16,2016,0.0484,0.793,0.653,4.91e-05,0.1,-7.839,0.103,117.993,0.393,1,7,73,1,1
1D9XLqQp2YYiOxrr5KLb8K,Under Ground Kings,['Drake'],212613,11/15/11,2011,5.2e-05,0.487,0.712,0.0,0.198,-7.323,0.27,156.209,0.397,1,8,59,1,1
3cBUv0RIoEyAm2b7qimEY6,Thank Me Now,['Drake'],328573,1/1/10,2010,0.282,0.495,0.772,0.0,0.119,-4.851,0.425,71.295,0.748,1,8,48,1,1
6n3HGiq4v35D6eFOSwqYuo,Teenage Fever,['Drake'],219692,3/18/17,2017,0.111,0.766,0.283,0.0172,0.115,-10.33,0.0846,97.04,0.144,0,8,74,1,1
1U4mweNwisxNj23ffuC9gO,Miss Me,"['Drake', 'Lil Wayne']",305520,1/1/10,2010,0.0813,0.426,0.862,0.0,0.34,-5.979,0.597,100.3,0.332,1,2,56,1,1
5LZ0ZCRXrklIpnzn4Tcyde,Unforgettable,"['Drake', 'Jeezy']",213813,1/1/10,2010,0.103,0.546,0.87,0.0,0.111,-5.107,0.114,156.145,0.071,0,4,51,1,1
6XHVuErjQ4XNm6nDPVCxVX,No Guidance (feat. Drake),"['Chris Brown', 'Drake']",260640,6/28/19,2019,0.123,0.698,0.454,0.0,0.155,-6.756,0.151,92.932,0.137,0,1,83,1,1
0k9RIzZtAo4DTQu0ZM6lNZ,Childs Play,['Drake'],241400,5/13/16,2016,0.017,0.745,0.473,1.12e-05,0.197,-11.243,0.0955,80.006,0.296,0,10,52,1,1
0nq6sfr8z1R5KJ4XUk396e,Stay Schemin,"['Rick Ross', 'Drake', 'French Montana']",267720,1/1/12,2012,0.0621,0.541,0.734,0.0,0.12,-4.232,0.166,162.304,0.321,0,7,64,1,1
14SaZBTjxlorHJQxXh01Hu,Girls Need Love (with Drake) - Remix,"['Summer Walker', 'Drake']",222374,10/19/18,2018,0.443,0.656,0.432,0.0,0.132,-9.481,0.217,97.022,0.0897,0,6,80,1,2
7tGlzXJv6GD5e5qlu5YmDg,Love Me,"['Lil Wayne', 'Drake', 'Future']",253440,1/1/13,2013,0.0119,0.674,0.608,0.0,0.103,-6.628,0.0334,124.952,0.464,0,8,66,1,1
20FLGZPgMHXlU0VpQ0HpxN,Time Has Told Me,['Nick Drake'],264613,7/3/69,1969,0.739,0.601,0.298,0.75,0.103,-14.642,0.0316,110.28,0.472,1,0,47,0,2
5tkDCf3xKRZjT5RbCb3sZB,Big Amount,"['2 Chainz', 'Drake']",188069,6/16/17,2017,0.0124,0.687,0.829,0.0,0.107,-4.204,0.26,133.854,0.154,0,3,56,1,1
0Tacxc5lDJ8LwiO1pWNSl8,The Motion,['Drake'],240957,8/2/19,2019,0.371,0.631,0.788,0.000317,0.108,-7.142,0.102,157.769,0.544,0,4,64,1,1
0hNVjU6JKydHts0SAjHCno,One Of These Things First,['Nick Drake'],290733,3/6/70,1970,0.836,0.604,0.37,0.346,0.0954,-18.45,0.0362,90.339,0.666,1,4,61,0,2
4I6XOCJho4nYHe0ir6hxbh,"Kiss Me, Kate: I've Come to Wive It Wealthily in Padua","['Cole Porter', 'Alfred Drake', 'Kiss Me, Kate Ensemble', 'Pembroke Davenport', 'Original Broadway Cast Orchestra']",130333,1949,1949,0.86,0.692,0.362,0.0,0.483,-13.765,0.378,117.702,0.779,1,10,0,0,2
2aSC2xhRxOLiiZZVjhbylH,"Hold On, We're Going Home","['Drake', 'Majid Jordan']",227880,1/1/13,2013,0.00415,0.776,0.413,2.68e-05,0.0724,-7.438,0.0952,100.003,0.287,0,6,71,0,1
2mmUoyPxzbxehpfm1TpTRK,Star67,['Drake'],294973,2/12/15,2015,0.747,0.521,0.392,8.81e-06,0.198,-7.88,0.17,91.939,0.166,1,3,60,1,0
1PWnjvzT5Jhpfnh96DRNDh,Best I Ever Had,['Drake'],258800,1/1/09,2009,0.102,0.441,0.904,0.0,0.196,-2.636,0.359,161.74,0.529,1,1,47,0,1
3lkkkYc1wBj5l3FVlpqvP6,A Night Off (feat. Lloyd),"['Drake', 'Lloyd']",193963,2009,2009,0.374,0.611,0.508,3.87e-06,0.168,-5.573,0.0741,103.612,0.368,0,11,49,1,1
4B7fTyj1FIPvP9tT5X3DnR,Behind Barz - Bonus,['Drake'],163121,9/13/19,2019,0.769,0.854,0.554,1.84e-06,0.0749,-4.684,0.172,142.069,0.272,1,8,68,1,2
6RbH4isVKIOg1OY1HvRqFc,LOYAL (feat. Drake and Bad Bunny) - Remix,"['PARTYNEXTDOOR', 'Drake', 'Bad Bunny']",281120,2/7/20,2020,0.479,0.877,0.529,0.00159,0.094,-6.235,0.0461,104.984,0.422,0,0,63,1,1
55YHftnlehUQQJoTSLKCxj,Up All Night,"['Drake', 'Nicki Minaj']",234333,1/1/10,2010,0.00778,0.606,0.809,1.59e-05,0.336,-4.667,0.279,156.337,0.272,1,7,57,1,1
0GaBIpyHvytM1UBYmqXu08,From Time,"['Drake', 'Jhené Aiko']",322160,1/1/13,2013,0.626,0.738,0.491,0.0,0.126,-9.726,0.413,94.378,0.448,0,1,68,1,2
1drLQNS9D5z9lBP4DbtO2R,Saturday Sun,['Nick Drake'],245013,7/3/69,1969,0.966,0.546,0.121,0.011,0.101,-20.259,0.0343,127.122,0.144,1,0,60,0,0
5nN8BwAQDJDguq7Dpd3JQQ,Where Ya At (feat. Drake),"['Future', 'Drake']",208027,7/17/15,2015,0.0933,0.813,0.453,0.0,0.14,-6.941,0.338,161.997,0.191,1,1,67,1,1
0q7LGcVSpsIoSbjChtZ8lI,Uptown (feat. Bun B & Lil Wayne),"['Drake', 'Bun B', 'Lil Wayne']",382262,2009,2009,0.00391,0.416,0.824,0.0,0.104,-3.075,0.343,85.433,0.417,1,1,61,1,1
4HG1YiGBseVKzjyKcmAJen,Summer Games,['Drake'],247893,6/29/18,2018,0.477,0.775,0.482,0.0456,0.11,-11.269,0.0357,136.016,0.134,1,1,62,0,2
4v7SAP4KD96BFLWiCd1vF0,Madonna,['Drake'],177840,2/12/15,2015,0.0149,0.905,0.492,3.77e-05,0.371,-8.598,0.0595,110.017,0.142,1,2,57,1,1
12d5QFwzh60IIHlsSnAvps,10 Bands,['Drake'],177733,2/12/15,2015,0.265,0.825,0.756,2.15e-06,0.0762,-3.687,0.383,172.938,0.888,0,11,64,1,1
0lPZJkwjzQV3xrR5fbQxr8,"Wunderbar (from ""Kiss Me Kate"")","['Alfred Drake', 'Patricia Morison']",214533,1947,1947,0.96,0.33,0.254,0.0,0.372,-12.83,0.0669,90.269,0.216,1,8,2,0,0
32UIpKdyGzgTPTO8e5ge5c,Amen (feat. Drake),"['Meek Mill', 'Drake']",289707,10/26/12,2012,0.178,0.503,0.795,0.0,0.042,-4.505,0.335,149.981,0.265,1,10,54,1,1
7l8gHk3b9AwjC7gRhOqtP4,The Moss,['Cosmo Sheldrake'],242567,3/5/14,2014,0.687,0.619,0.51,0.0,0.137,-5.549,0.0305,127.966,0.441,0,1,53,0,2
16qzGrIMWoxerw2gnW0zuv,Pink Moon,['Nick Drake'],123333,2/25/72,1972,0.819,0.638,0.256,0.0707,0.145,-15.68,0.0492,82.479,0.438,1,3,69,0,2
4jtyUzZm9WLc2AdaJ1dso7,0 To 100 / The Catch Up,['Drake'],275227,7/14/13,2013,0.737,0.559,0.716,0.0,0.252,-3.964,0.39,176.618,0.504,0,11,70,1,1
6DkXLzBQT7cwXmTyzAB1DJ,What's My Name?,"['Rihanna', 'Drake']",263173,1/1/10,2010,0.182,0.689,0.784,0.0,0.0843,-2.972,0.074,99.954,0.561,1,2,59,0,1
238Sekyg7DyN2XDm0z4oWY,Fancy,"['Drake', 'T.I.', 'Swizz Beatz']",319387,1/1/10,2010,0.331,0.523,0.884,2e-06,0.356,-5.581,0.461,87.275,0.283,0,2,49,1,1
73tgFzBug5Ifk1Retdtwk7,Fireworks,"['Drake', 'Alicia Keys']",313280,1/1/10,2010,0.433,0.55,0.758,0.0,0.162,-6.472,0.347,89.368,0.53,1,0,51,1,1
5LAKjqbB5uurPpxFEicd9S,Wu-Tang Forever,['Drake'],217680,1/1/13,2013,0.0474,0.832,0.427,0.0,0.101,-8.516,0.257,99.935,0.369,0,8,55,1,1
5e574bhjycX1eH2l4Auage,Grammys,"['Drake', 'Future']",220427,5/6/16,2016,0.00163,0.676,0.432,3.93e-06,0.0799,-9.51,0.502,145.869,0.12,1,1,60,1,1
5InOp6q2vvx0fShv3bzFLZ,Know Yourself,['Drake'],275840,2/12/15,2015,0.196,0.72,0.412,0.0,0.342,-8.687,0.223,114.408,0.179,0,11,68,1,1
5S1IUPueD0xE0vj4zU3nSf,Bigger Than You (feat. Drake & Quavo),"['2 Chainz', 'Drake', 'Quavo']",225893,6/15/18,2018,0.247,0.888,0.515,0.0,0.446,-6.246,0.271,141.009,0.264,1,1,65,1,1
4JDZl9nKIAhAhDjw753u4X,For Free (feat. Drake),"['DJ Khaled', 'Drake']",183695,6/17/16,2016,0.0173,0.916,0.571,1.11e-06,0.153,-8.241,0.2,103.521,0.498,0,10,56,1,1
0JaVdpmiex2EP7bBzyKVTa,November 18th,['Drake'],188189,2009,2009,0.579,0.749,0.476,0.0,0.1,-11.147,0.507,71.937,0.534,0,11,61,1,3
04a1HkNH7LFsG5mEiLN7vl,No New Friends - SFTB Remix,"['DJ Khaled', 'Drake', 'Rick Ross', 'Lil Wayne']",308333,1/1/13,2013,0.00589,0.703,0.681,0.0,0.449,-6.356,0.133,124.928,0.245,1,2,56,1,1
17Q87zeXgsAi9iQQbMu9v0,Summer Sixteen,['Drake'],202451,2/5/16,2016,0.00354,0.594,0.46,2.71e-05,0.147,-7.607,0.382,146.274,0.0541,1,1,58,1,1
3IvMYBE7A3c7to1aEcfFJk,Deep Pockets,['Drake'],222929,5/1/20,2020,0.482,0.473,0.824,0.0,0.605,-3.68,0.163,77.888,0.374,0,7,74,1,1
39hnH8WdPmNT3Q3yzwC9Rg,Why You Always Hatin?,"['YG', 'Drake', 'Kamaiyah']",196600,6/17/16,2016,0.0392,0.926,0.336,0.0,0.138,-9.326,0.594,92.995,0.38,0,0,61,1,3
1kMuU3TNQvHbqvXCWBodmP,Right Above It,"['Lil Wayne', 'Drake']",271947,1/1/10,2010,0.0435,0.376,0.841,0.0,0.578,-4.348,0.356,76.052,0.463,0,3,68,1,1
5i70f6KOnmtRCbutYnLvVC,Over Here (feat. Drake),"['PARTYNEXTDOOR', 'Drake']",177827,7/1/13,2013,0.0384,0.794,0.592,1.86e-05,0.111,-6.973,0.129,97.201,0.177,1,8,52,1,1
6oLHyWvmk6bKrA91EIYZBp,Wednesday Night Interlude,"['Drake', 'PARTYNEXTDOOR']",212280,2/12/15,2015,0.729,0.312,0.466,7.34e-06,0.215,-8.163,0.0509,135.44,0.195,0,9,57,1,0
5xZtUAVUVfjBtVtMOgMkyy,What's My Name?,"['Rihanna', 'Drake']",263173,11/16/10,2010,0.229,0.69,0.786,0.0,0.0797,-2.959,0.0692,100.049,0.583,1,2,57,0,1
6BdgtqiV3oXNqBikezwdvC,Over,['Drake'],233560,1/1/10,2010,0.0107,0.35,0.845,0.0,0.123,-5.614,0.2,99.643,0.45,1,7,63,1,1
3qN5qMTKyEEmiTZD38BNTT,I'm Upset,['Drake'],214467,6/29/18,2018,0.279,0.899,0.586,0.0,0.0836,-7.866,0.344,150.001,0.492,0,11,72,1,1
18Lxour9k0zowOzlPIrlPF,"Oh, What A Beautiful Mornin'","['Alfred Drake', 'Oklahoma Chorus']",152120,12/2/43,1943,0.975,0.4,0.308,0.000412,0.0807,-10.749,0.0389,81.336,0.361,1,3,20,0,0
4lGUA1a5NCgoRVrvPCrw9G,Free Ride,['Nick Drake'],183987,2/25/72,1972,0.895,0.807,0.117,0.24,0.111,-17.596,0.0621,120.246,0.595,1,0,52,0,2
2AGottAzfC8bHzF7kEJ3Wa,Diamonds Dancing,"['Drake', 'Future']",314632,9/20/15,2015,0.125,0.51,0.358,3.74e-05,0.111,-10.847,0.0467,136.036,0.171,1,1,61,1,1
0LEFmgIj8ABU7CelzGh5Bs,Oprah's Bank Account (Lil Yachty & DaBaby feat. Drake),"['Lil Yachty', 'DaBaby', 'Drake']",205636,5/29/20,2020,0.226,0.83,0.625,0.0,0.302,-3.678,0.0573,138.046,0.884,1,5,69,1,1
6FyDii5Aec6cNcjLzvS37z,100 (feat. Drake),"['The Game', 'Drake']",334360,1/22/16,2016,0.0136,0.801,0.521,0.0,0.179,-9.871,0.28,108.025,0.412,0,4,60,1,1
2UKKY35uDMvowQnKphvdzF,Finale,"['Alfred Drake', 'Joan Roberts', 'Oklahoma Chorus']",190667,12/2/43,1943,0.864,0.245,0.226,1.34e-06,0.125,-11.848,0.033,172.273,0.194,1,8,4,0,0
10AtCPrROWNYRotLSN8TcQ,"Kiss Me, Kate: Wunderbar","['Cole Porter', 'Patricia Morison', 'Alfred Drake', 'Pembroke Davenport', 'Original Broadway Cast Orchestra']",215000,1949,1949,0.958,0.398,0.254,0.0,0.356,-13.383,0.0553,84.719,0.215,1,8,0,0,0
2uw8vslyCoFLQsoPcIhen5,Killer (feat. Drake),"['Nipsey Hussle', 'Drake']",199147,10/2/13,2013,0.0427,0.595,0.706,0.0,0.0845,-7.47,0.287,75.682,0.38,0,3,58,1,1
1JHOq4bNJkLxaB9WniP7Xc,Pleading,['Pete Drake'],124909,1962,1962,0.837,0.301,0.39,0.845,0.124,-11.778,0.029,79.605,0.72,1,3,15,0,2
4ZYVAWHjnGFEuGGNrlHk4Y,Bryter Layter,['Nick Drake'],200667,3/6/70,1970,0.815,0.656,0.164,0.832,0.109,-20.924,0.0425,121.507,0.609,0,5,44,0,2
433P7tDcIAi6NLnf4Sh6tI,Still Here,['Drake'],189853,5/6/16,2016,0.0267,0.833,0.431,0.0,0.633,-9.604,0.194,133.938,0.224,1,0,63,1,1
3aJkV6DUTSCqOwVwaBDG9B,With You,"['Drake', 'PARTYNEXTDOOR']",195053,5/6/16,2016,0.136,0.878,0.406,0.000231,0.112,-9.961,0.249,128.015,0.785,1,1,62,1,1
3CA9pLiwRIGtUBiMjbZmRw,Nice For What,['Drake'],210747,6/29/18,2018,0.0891,0.586,0.909,0.000109,0.119,-6.474,0.0705,93.394,0.757,1,8,80,1,1
3V8sM5OOG6YfDuDLa2IIYJ,Used to This (feat. Drake),"['Future', 'Drake']",180520,11/4/16,2016,0.0312,0.618,0.727,0.0,0.196,-7.224,0.208,164.992,0.401,0,3,59,1,1
4eSGSqP2TZvvX0kadZZttM,Doing It Wrong,['Drake'],265120,11/15/11,2011,0.841,0.397,0.172,6.78e-05,0.108,-15.698,0.0445,101.275,0.123,0,6,69,1,0
7JXZq0JgG2zTrSOAgY8VMC,Jungle,['Drake'],320400,2/12/15,2015,0.62,0.697,0.235,0.000144,0.107,-8.651,0.0534,99.947,0.378,1,7,70,1,2
79XrkTOfV1AqySNjVlygpW,Energy,['Drake'],181933,2/12/15,2015,0.38,0.747,0.571,0.0,0.534,-7.916,0.478,172.104,0.553,1,11,71,1,1
5wUUWVRvrciJqFitZF8R0P,Recognize (feat. Drake),"['PARTYNEXTDOOR', 'Drake']",311197,7/29/14,2014,0.0102,0.643,0.541,0.0,0.102,-5.801,0.0426,119.499,0.165,1,2,66,1,1
4zLOwx1yRJXWkHKt1XzF1p,Now & Forever,['Drake'],281320,2/12/15,2015,0.124,0.555,0.481,0.0,0.101,-7.419,0.0322,107.793,0.098,1,6,58,1,1
2TWSilrWcTrgVKcP8kfEfg,Unstoppable (feat. Santigold & Lil Wayne),"['Drake', 'Santigold', 'Lil Wayne']",209957,2009,2009,0.165,0.774,0.912,0.0,0.745,-2.787,0.347,150.083,0.821,0,2,48,1,1
3rwXHX4RzXjfBSXtkBgweE,The Spook,['Pete Drake'],140814,1962,1962,0.184,0.462,0.574,0.969,0.155,-10.065,0.027,145.159,0.852,0,4,29,0,1
72TFWvU3wUYdUuxejTTIzt,Work,"['Rihanna', 'Drake']",219320,1/28/16,2016,0.0752,0.725,0.534,0.0,0.0919,-6.238,0.0946,91.974,0.558,1,11,76,1,1
3vSsJRF0UIlR7DAT6aS9nW,The Surrey With The Fringe On Top,['Alfred Drake'],187013,12/2/43,1943,0.918,0.571,0.155,0.0,0.126,-12.843,0.0871,80.847,0.377,1,9,8,0,0
1rS3J4u1G8f6hbmTosa8Nf,I Found A Way,['Drake Bell'],179493,3/8/05,2005,0.0056,0.531,0.766,0.0,0.201,-7.692,0.0582,130.048,0.532,1,8,55,0,1
1sebye5Zy0Qn1Vk82QD0LG,"Kiss Me, Kate: Finale: Kiss Me, Kate","['Cole Porter', 'Alfred Drake', 'Patricia Morison', 'Kiss Me, Kate Ensemble', 'Pembroke Davenport', 'Original Broadway Cast Orchestra']",46933,1949,1949,0.859,0.41,0.467,0.0,0.276,-7.931,0.0909,149.645,0.897,1,10,5,0,2
18PSaTJMLkFNWnW0NWdOAW,Find Your Love,['Drake'],208947,1/1/10,2010,0.0209,0.625,0.613,0.0,0.0286,-6.005,0.173,96.033,0.738,0,6,56,0,1
6WXEz0HcIo4ybLCrmS5BO8,The Surrey With The Fringe On Top - Alternate Take,['Alfred Drake'],189880,12/2/43,1943,0.94,0.472,0.15,0.0,0.13,-14.665,0.0928,159.283,0.438,1,4,3,0,2
3GYcEm6ZGkn42RdMQemEo1,Way To Blue,['Nick Drake'],188493,7/3/69,1969,0.263,0.188,0.208,0.142,0.0996,-15.288,0.0372,139.113,0.107,1,4,40,0,0
2pnM7cTxaaCr7vARCXIN1N,"Kiss Me, Kate: Where is the Life That Late I Led?","['Cole Porter', 'Alfred Drake', 'Pembroke Davenport', 'Original Broadway Cast Orchestra']",259827,1949,1949,0.93,0.496,0.315,0.0,0.43,-13.221,0.119,139.103,0.685,1,5,7,0,2
7t1lBIr3WIEtqQEOdZFMUf,Look What You've Done,['Drake'],301960,11/15/11,2011,0.485,0.495,0.351,0.0,0.0967,-14.669,0.34,134.369,0.271,0,3,58,1,2
4XTXamS1g4g93jPxyuFJJ6,Brand New,['Drake'],213492,2009,2009,0.631,0.399,0.491,0.0,0.171,-8.992,0.0714,94.542,0.356,1,6,57,1,2
1ZyudLFv35SRvY5SvTZqJx,Buried Alive Interlude,"['Drake', 'Kendrick Lamar']",150960,11/15/11,2011,0.412,0.711,0.543,0.0,0.505,-12.692,0.112,102.01,0.801,1,0,55,1,2
0XGLsSU6wtfnKXiMNvQr61,Versace (Remix),"['Migos', 'Drake']",246047,1/6/15,2015,0.0218,0.845,0.705,0.0,0.339,-4.271,0.243,132.05,0.334,0,6,60,1,1
2Gnsof1hvZzjE1xdLRpjtf,Over My Dead Body,['Drake'],272573,11/15/11,2011,0.759,0.489,0.57,2.1e-06,0.179,-10.291,0.306,185.516,0.584,1,1,60,1,2
6HSqyfGnsHYw9MmIpa9zlZ,Forever,"['Drake', 'Kanye West', 'Lil Wayne', 'Eminem']",357347,1/1/09,2009,0.253,0.415,0.926,0.0,0.256,-1.304,0.374,158.423,0.542,0,5,66,1,1
3hLGpW43DMnkI0wwHKRUnR,On the Swing Shift,"['Donna Drake', 'Betty Rhodes', 'Marjorie Reynolds']",270603,10/2/42,1942,0.911,0.556,0.823,0.000242,0.694,-5.97,0.442,126.631,0.739,0,3,0,0,2
5WfBl43XUcWng7OnB8LKNW,Fear,['Drake'],280667,9/15/09,2009,0.0615,0.334,0.783,0.0,0.109,-6.144,0.181,83.944,0.308,0,9,50,1,1
1dHUNRY8eVXvSo6kvyFyNx,Own It,['Drake'],251973,1/1/13,2013,0.0487,0.654,0.342,3.37e-05,0.313,-11.305,0.101,103.064,0.294,0,8,48,1,1
185WVQvIuyv2FF0mAFbRvI,Northern Sky,['Nick Drake'],225387,1/1/04,2004,0.665,0.394,0.22,0.626,0.129,-18.82,0.0432,181.566,0.49,1,3,47,0,0
7rDJymAeuDbAKmRO07dGHS,Man In A Shed,['Nick Drake'],231907,7/3/69,1969,0.73,0.55,0.313,0.363,0.116,-17.628,0.0394,131.1,0.506,1,7,40,0,2
4QKMuKPhCK8Aji8MaeJL4T,"Deuces Remix (feat. Drake, Kanye West & André 3000)","['Chris Brown', 'Drake', 'Kanye West', 'André 3000']",338920,6/25/10,2010,0.317,0.72,0.649,0.0,0.0886,-5.187,0.239,147.941,0.243,0,5,45,1,1
3keUgTGEoZJt0QkzTB6kHg,Truffle Butter,"['Nicki Minaj', 'Drake', 'Lil Wayne']",219227,1/23/15,2015,0.0743,0.887,0.673,4.06e-05,0.124,-6.846,0.0503,105.113,0.491,0,10,63,1,1
7e44z4wOjkllaD8eulUeMd,Truffle Butter,"['Nicki Minaj', 'Drake', 'Lil Wayne']",220467,12/15/14,2014,0.0579,0.89,0.667,2.97e-05,0.108,-6.862,0.0521,105.099,0.522,1,2,63,1,1
4Kz4RdRCceaA9VgTqBhBfa,The Motto,"['Drake', 'Lil Wayne']",181573,11/15/11,2011,0.000107,0.766,0.442,6.12e-05,0.111,-8.558,0.356,201.8,0.39,1,1,72,1,1
3d8PDk3B4am5c6TsUCznUW,Shut It Down,"['Drake', 'The-Dream']",419307,1/1/10,2010,0.411,0.59,0.434,0.0,0.0979,-9.298,0.069,119.905,0.399,0,9,52,1,2
1OfFh3OQY1qafrjfgAzIaV,Loves I've Known,['Pete Drake'],128176,1962,1962,0.217,0.363,0.366,0.847,0.329,-12.574,0.0308,192.999,0.899,1,2,11,0,2
4Qd0pa3JO76UEwhos9JmN0,"Life Is Good (feat. Drake, DaBaby & Lil Baby) - Remix","['Future', 'Drake', 'DaBaby', 'Lil Baby']",314761,5/15/20,2020,0.106,0.79,0.566,0.0,0.119,-8.33,0.437,142.016,0.586,1,5,69,1,1
3dBveK0fmnxbiXXgAX6lau,Come and See Me (feat. Drake),"['PARTYNEXTDOOR', 'Drake']",235477,3/23/16,2016,0.0511,0.717,0.347,2.43e-06,0.087,-10.265,0.0636,84.987,0.0589,0,11,57,1,1
2G7QCDuRM7rTj0pX21e0xk,Cece's Interlude,['Drake'],154120,1/1/10,2010,0.0549,0.473,0.603,6.25e-06,0.115,-6.875,0.0319,94.984,0.234,0,9,43,0,1
2hcohLIysMxofYziluXCoX,Ignant Shit (feat. Lil Wayne),"['Drake', 'Lil Wayne']",302492,2009,2009,0.186,0.591,0.846,0.0,0.463,-3.687,0.276,94.795,0.121,1,7,58,1,1
0ConttVd0Ebk3dLNquOmh0,Moment 4 Life,"['Nicki Minaj', 'Drake']",279307,1/1/10,2010,0.406,0.68,0.882,0.0,0.241,-3.883,0.236,97.943,0.386,1,11,63,1,1
2IRZnDFmlqMuOrYOLnZZyc,Going Bad (feat. Drake),"['Meek Mill', 'Drake']",180522,11/30/18,2018,0.259,0.889,0.496,0.0,0.252,-6.365,0.0905,86.003,0.544,0,4,83,1,1
2YaDRtIlQiZ5WDDB2YuEOC,You & The 6,['Drake'],264907,2/12/15,2015,0.168,0.545,0.476,0.0,0.13,-7.444,0.284,154.362,0.223,0,7,56,1,1
4F5wWFbs9N80s5eJeNDM83,Oriental Twist,['Pete Drake'],114885,1962,1962,0.202,0.432,0.715,0.783,0.151,-11.573,0.0328,100.359,0.963,0,9,12,0,1
5ThJAPtuOCTV8owZUop495,305 To My City,"['Drake', 'Detail']",255853,1/1/13,2013,0.0567,0.419,0.494,0.0,0.144,-8.782,0.345,67.622,0.134,0,4,49,1,1
4wVOKKEHUJxHCFFNUWDn0B,Chicago Freestyle (feat. Giveon),"['Drake', 'Giveon']",220488,5/1/20,2020,0.629,0.735,0.449,0.0,0.113,-7.507,0.347,122.947,0.0397,1,10,88,1,2
4X5f3vT8MRuXF68pfjNte5,"F**kin' Problems (feat. Drake, 2 Chainz & Kendrick Lamar)","['A$AP Rocky', 'Drake', '2 Chainz', 'Kendrick Lamar']",233787,2013,2013,0.024,0.852,0.693,0.0,0.11,-6.87,0.274,95.967,0.66,1,1,76,1,1
3kgqHVqfiabABjaFi9Tnhn,Live For,"['The Weeknd', 'Drake']",222667,1/1/13,2013,0.517,0.626,0.68,0.0,0.114,-7.64,0.112,75.978,0.227,1,0,60,1,1
5bm0CcD5R9Nj04QbMvwugt,Started From the Bottom,['Drake'],174133,1/1/13,2013,0.0328,0.794,0.522,0.0,0.156,-7.829,0.159,86.318,0.567,1,8,51,1,1
0X77LCc8xGiel9tfudannE,"And This Is My Beloved (from ""Kismet"")","['Alfred Drake', 'Henry Calvin', 'Richard Banke', 'Lee Venora']",250987,1947,1947,0.936,0.291,0.388,0.0,0.486,-12.643,0.0397,88.176,0.147,1,5,3,0,0
4n4BflhWjCHIxrI4v7Xt9s,How Bout Now,['Drake'],235566,8/2/19,2019,0.205,0.789,0.404,0.0,0.219,-8.364,0.23,122.062,0.472,1,1,64,1,1
2fkeWbM6iqTw7oGHTYm2lw,4422,"['Drake', 'Sampha']",186293,3/18/17,2017,0.558,0.609,0.229,0.0413,0.113,-12.36,0.0333,111.887,0.19,0,11,62,0,0
3XLSlQLJf3Ut0zvMUxnF1h,Houstatlantavegas,['Drake'],290791,2009,2009,0.393,0.683,0.695,0.00124,0.124,-6.798,0.0574,135.337,0.406,0,1,59,1,1
3a8tAZFJxlmBwOtrf5L1oC,6 God,['Drake'],180667,2/12/15,2015,0.0249,0.868,0.623,0.0,0.125,-8.595,0.101,105.446,0.498,1,2,62,1,1
3LnJM1B5Mjgx5LfT9plXUU,LOYAL (feat. Drake),"['PARTYNEXTDOOR', 'Drake']",197973,3/26/20,2020,0.517,0.866,0.53,0.00159,0.0946,-6.347,0.0495,104.952,0.203,0,0,77,0,1
6d01Jkzt0zYiQINWJJFCaf,From The Morning,['Nick Drake'],152040,2/25/72,1972,0.864,0.639,0.166,0.0752,0.115,-19.269,0.0446,109.227,0.398,1,0,52,0,0
3VCYe6mCXebBgcfzaxCVNI,Both (feat. Drake & Lil Wayne) - Remix,"['Gucci Mane', 'Drake', 'Lil Wayne']",252017,4/14/17,2017,0.0606,0.834,0.493,7.95e-05,0.0666,-6.567,0.128,140.007,0.28,0,5,59,1,1
2MvmsEPBWo9SMo4w3Ol7tN,Poor Boy,['Nick Drake'],367427,3/6/70,1970,0.755,0.484,0.318,0.448,0.238,-14.771,0.0328,167.058,0.539,1,0,40,0,2
3cjF2OFRmip8spwZYQRKxP,Feel No Ways,['Drake'],240653,5/6/16,2016,0.0319,0.588,0.674,7.55e-06,0.122,-7.083,0.171,193.893,0.198,1,7,70,1,1
48RN2EOOyG2Gs5Pyla7ZJj,Worst Behavior,['Drake'],270187,1/1/13,2013,0.158,0.779,0.799,0.0,0.209,-6.359,0.15,109.944,0.414,1,9,57,1,1
1bzM1cd6oqFozdr4wK6HdR,Blessings,"['Big Sean', 'Drake']",252040,2/24/15,2015,0.33,0.79,0.621,0.0,0.122,-7.634,0.275,118.896,0.15,1,1,66,1,1
3k5C3vlDqE5rOqiikOjJ10,The Thoughts Of Mary Jane,['Nick Drake'],198813,7/3/69,1969,0.687,0.437,0.321,0.669,0.164,-15.441,0.0319,122.786,0.389,1,3,39,0,0
5bDEA48Dxyxoc3K4Dt7yRE,Karaoke,['Drake'],227960,1/1/10,2010,0.00879,0.758,0.654,0.0258,0.0797,-7.097,0.116,151.008,0.949,1,0,46,0,1
12VWzyPDBCc8fqeWCAfNwR,One Dance,"['Drake', 'WizKid', 'Kyla']",173987,5/13/16,2016,0.00776,0.792,0.625,0.00188,0.329,-5.609,0.0536,103.967,0.37,1,1,66,0,1
6E1ILfm6wNkA6kautk3mQP,Furthest Thing,['Drake'],267373,1/1/13,2013,0.147,0.484,0.78,0.0,0.057,-5.264,0.135,137.101,0.271,0,9,51,1,1
7hfmDgabHGV3SNHDUwWlvu,Headlines,['Drake'],236000,11/15/11,2011,0.37,0.636,0.548,0.000525,0.0918,-7.178,0.089,152.05,0.422,0,6,42,0,1
12kyvbbCMEmjlrdCaYjJpM,"Kiss Me, Kate: I've Come to Wive It Wealthily in Padua","['Cole Porter', 'Alfred Drake', 'Kiss Me, Kate Ensemble', 'Pembroke Davenport', 'Original Broadway Cast Orchestra']",129840,1949,1949,0.834,0.69,0.369,0.0,0.406,-13.898,0.378,112.395,0.801,1,10,6,0,2
5EMKS6mLi4JprJxy8IGdhT,DnF (feat. Drake & Future),"['Preme', 'Drake', 'Future']",205387,9/9/14,2014,0.0836,0.707,0.599,0.0,0.31,-7.053,0.305,76.881,0.55,0,0,57,1,1
4qKcDkK6siZ7Jp1Jb4m0aL,Look Alive (feat. Drake),"['BlocBoy JB', 'Drake']",181263,2/9/18,2018,0.00104,0.922,0.581,5.86e-05,0.105,-7.495,0.27,140.022,0.595,1,10,77,1,1
6Kj17Afjo1OKJYpf5VzCeo,Pain 1993 (with Playboi Carti),"['Drake', 'Playboi Carti']",149078,5/1/20,2020,0.163,0.825,0.373,0.0,0.368,-5.532,0.108,77.271,0.12,0,5,84,1,1
2wDz70kiUyVKNSusLt7CNL,Forever,"['Drake', 'Kanye West', 'Lil Wayne', 'Eminem']",357347,1/1/09,2009,0.234,0.469,0.931,0.0,0.208,-1.351,0.365,106.249,0.527,0,5,40,0,1
6fLVTVaHWaEfVKfEgbkf4D,Losses,['Drake'],271184,5/1/20,2020,0.28,0.551,0.57,0.0,0.424,-7.385,0.351,85.687,0.505,0,1,73,1,1
6n4U3TlzUGhdSFbUUhTvLP,Walk It Talk It,"['Migos', 'Drake']",276147,1/26/18,2018,0.0876,0.907,0.633,2.6e-06,0.106,-5.145,0.184,145.914,0.395,1,2,77,1,1
66cIVXwMJQKw4GnxIiCeP2,She Will,"['Lil Wayne', 'Drake']",305840,1/1/11,2011,0.000402,0.364,0.841,0.0,0.242,-4.831,0.119,100.14,0.0841,1,8,56,1,1
7MjSipTto9QljYzZnloXOn,Views,['Drake'],311960,5/6/16,2016,0.0657,0.426,0.852,0.0,0.262,-5.896,0.318,78.855,0.11,1,0,58,1,1
2XlHu0HcujBCkWMdIAvrqt,Blem,['Drake'],216558,3/18/17,2017,0.0533,0.726,0.535,1.38e-05,0.0984,-7.804,0.0476,98.067,0.375,0,7,65,0,1
3mvA09zRuyVGo7nEPkuStP,Parasite,['Nick Drake'],214173,2/25/72,1972,0.777,0.619,0.189,9.68e-05,0.103,-16.646,0.036,131.465,0.242,1,11,46,0,0
1ID1QFSNNxi0hiZCNcwjUC,Legend,['Drake'],241853,2/12/15,2015,0.0266,0.714,0.563,0.0,0.0776,-7.574,0.0723,100.091,0.31,1,1,68,1,1
6RGvWCHTS6BC46TsMyN0WM,Headlines,['Drake'],236733,1/1/11,2011,0.362,0.646,0.557,0.000264,0.0909,-7.173,0.127,151.98,0.403,0,6,53,1,1
7vjtAU3Ns1AT4dRa0voHBJ,Right Here,"['Justin Bieber', 'Drake']",204187,6/15/12,2012,0.0235,0.642,0.57,0.0,0.329,-4.966,0.0421,92.042,0.731,1,1,55,0,1
0hRPRbA2B1CYmGNhWhFjwF,Fall For Your Type (feat. Drake),"['Jamie Foxx', 'Drake']",269533,12/17/10,2010,0.394,0.593,0.393,3.24e-06,0.11,-11.736,0.0827,136.866,0.193,1,1,54,1,2
0YFGTPHLT7MkmRzZcPyMXN,Gesticulate,"['Henry Calvin', 'Joan Diener', 'Alfred Drake', 'Kismet Ensemble']",259773,1953,1953,0.949,0.394,0.459,0.0,0.561,-11.95,0.157,81.68,0.473,1,7,6,0,0
1K4LoF9CsIZoiJffmQ6gJX,"Kiss Me, Kate: Were Thine That Special Face","['Cole Porter', 'Alfred Drake', 'Kiss Me, Kate Ensemble', 'Pembroke Davenport', 'Original Broadway Cast Orchestra']",248693,1949,1949,0.92,0.287,0.336,6.55e-05,0.254,-14.0,0.0365,82.916,0.388,0,10,5,0,0
6UjfByV1lDLW0SOVQA4NAi,Gyalchester,['Drake'],189230,3/18/17,2017,0.0317,0.877,0.391,0.000502,0.0945,-8.196,0.063,131.018,0.122,1,1,69,1,1
0TlLq3lA83rQOYtrqBqSct,Nonstop,['Drake'],238614,6/29/18,2018,0.0164,0.912,0.412,0.013,0.104,-8.074,0.124,154.983,0.422,1,7,81,1,1
4YJmZfvlheSziXem8HBWrj,Still Here,['Drake'],189853,5/13/16,2016,0.0267,0.833,0.431,0.0,0.633,-9.604,0.194,133.938,0.224,1,0,59,1,1
0V4l4GQhgnWQGtCWpvA7va,Crew Love,"['Drake', 'The Weeknd']",208813,11/15/11,2011,0.227,0.418,0.546,0.0,0.229,-9.057,0.238,160.152,0.294,0,0,69,1,1
1p3vijWl4pezgUtyCmCVln,The Zone,"['The Weeknd', 'Drake']",418507,1/1/12,2012,0.26,0.619,0.521,0.000542,0.101,-8.092,0.0744,139.886,0.254,0,3,45,1,1
124NFj84ppZ5pAxTuVQYCQ,Take Care,"['Drake', 'Rihanna']",277387,11/15/11,2011,0.0267,0.629,0.515,1.22e-05,0.0888,-10.358,0.265,121.845,0.299,0,0,72,1,1
5UsLjwBaTHBX4ektWIr4XX,Forever,"['Drake', 'Kanye West', 'Lil Wayne', 'Eminem']",357707,5/15/09,2009,0.249,0.457,0.906,0.0,0.182,-2.278,0.342,104.02,0.54,0,5,68,1,1
4yQqhoEeRcsMfr7tqEea7f,The Language,['Drake'],224013,1/1/13,2013,0.0125,0.831,0.651,0.0,0.0809,-8.363,0.437,120.064,0.502,1,1,49,1,1
39liuGHPxn2sAyvO6DINor,Back On Road,"['Gucci Mane', 'Drake']",149080,7/22/16,2016,0.329,0.833,0.673,0.0,0.136,-6.981,0.315,148.019,0.753,0,1,55,1,1
3IQgeOgdHIag6mu0mgKRgQ,The Language,['Drake'],224013,1/1/13,2013,0.0125,0.831,0.651,0.0,0.0809,-8.363,0.437,120.064,0.502,1,1,56,1,1
1VMQYQQlYHhbudATkSJiP1,Makin’ Me Look Good Again,['Drake White'],238933,8/19/16,2016,0.354,0.574,0.586,0.0,0.106,-6.141,0.0337,127.795,0.26,1,10,56,0,1
1wZqJM5FGDEl3FjHDxDyQd,Come and See Me (feat. Drake),"['PARTYNEXTDOOR', 'Drake']",235477,8/12/16,2016,0.0511,0.717,0.347,2.43e-06,0.087,-10.265,0.0636,84.987,0.0589,0,11,73,1,1
7bJ4mu7MHa3rHiNyKjOoSl,Ice Melts,"['Drake', 'Young Thug']",250770,3/18/17,2017,0.08,0.813,0.551,0.0,0.386,-7.605,0.353,124.957,0.598,0,6,61,1,1
156LzfvMNKuXuiot4uzhGD,No Complaints (feat. Offset & Drake) (Bonus),"['Metro Boomin', 'Offset', 'Drake']",265480,11/6/18,2018,0.0709,0.914,0.572,0.00237,0.0599,-8.82,0.166,123.963,0.203,1,2,67,1,1
0GR7iJLhj80KD5LkA14ZRn,Digital Dash,"['Drake', 'Future']",231231,9/20/15,2015,0.00296,0.881,0.546,4.72e-06,0.226,-7.566,0.12,140.032,0.276,1,2,60,1,1
05aZ9sAU1YXndHv0FMi9iW,Demons (feat. Fivio Foreign & Sosa Geek),"['Drake', 'Fivio Foreign', 'Sosa Geek']",204805,5/1/20,2020,0.423,0.543,0.766,0.0,0.155,-3.387,0.343,106.869,0.729,0,0,79,1,1
7udsBKuqnJ5csWTAkR0vEI,We'll Be Fine,"['Drake', 'Birdman']",247947,11/15/11,2011,0.00171,0.386,0.488,0.0,0.64,-7.303,0.422,193.397,0.217,0,1,57,1,1
4kdfjhj9xNkYU0R8xlDy8k,6 Man,['Drake'],167653,2/12/15,2015,0.217,0.568,0.535,0.0,0.114,-9.306,0.513,83.589,0.326,1,4,60,1,3
2u6PeEPCbQUP656PbSi7AH,Things Behind The Sun,['Nick Drake'],234467,2/25/72,1972,0.877,0.674,0.152,0.0953,0.113,-18.557,0.0461,102.859,0.251,1,1,50,0,0
3O8NlPh2LByMU9lSRSHedm,Controlla,['Drake'],245227,5/6/16,2016,0.0781,0.611,0.468,0.0,0.101,-11.084,0.179,92.092,0.349,0,10,72,1,1
2bjwRfXMk4uRgOD9IBYl9h,Portland,"['Drake', 'Quavo', 'Travis Scott']",236615,3/18/17,2017,0.0172,0.925,0.443,0.0,0.276,-8.216,0.264,136.078,0.35,1,1,74,1,1
7CMIy0uwXyeBv2MvaEUJM1,Leave It All To Me (Theme from iCarly) (feat. Drake Bell),"['Miranda Cosgrove', 'Drake Bell']",158413,12/18/07,2007,0.00294,0.233,0.8,0.0,0.0594,-5.543,0.105,209.767,0.564,1,7,57,0,1
1dUHF4RyMmMTveJ0Rby6Xm,Can’t Take A Joke,['Drake'],163974,6/29/18,2018,0.128,0.761,0.598,0.0,0.0839,-7.249,0.182,173.897,0.447,0,10,67,1,1
3eN46sMTppXYMAyWi37wn1,Come Thru,['Drake'],236360,1/1/13,2013,0.159,0.558,0.468,0.0,0.586,-5.812,0.173,81.977,0.405,1,3,59,1,1
0MmqaSn9dzP5GHxZ933V4l,Worst Behavior,['Drake'],270187,1/1/13,2013,0.158,0.779,0.799,0.0,0.209,-6.359,0.15,109.944,0.414,1,9,50,1,1
0PWQqF5PvqRq0OPLSH0FKI,Light Up,"['Drake', 'JAY-Z']",274147,1/1/10,2010,0.0936,0.472,0.908,0.0,0.15,-5.991,0.45,172.924,0.198,1,8,48,1,1
7jslhIiELQkgW9IHeYNOWE,Big Rings,"['Drake', 'Future']",217707,9/20/15,2015,0.00196,0.776,0.675,0.0,0.227,-6.224,0.266,131.984,0.27,0,8,62,1,1
0M0bBnanRqRGKs8pz7ZWi0,Harvest Breed,['Nick Drake'],95013,2/25/72,1972,0.905,0.75,0.13,0.0338,0.114,-19.021,0.0689,118.574,0.857,1,8,44,0,2
5lFDtgWsjRJu8fPOAyJIAK,Back To Back,['Drake'],170638,7/31/15,2015,0.00855,0.893,0.48,0.0,0.116,-3.728,0.356,86.976,0.382,0,1,67,1,1
6DCZcSspjsKoFjzjrWoCdn,God's Plan,['Drake'],198973,6/29/18,2018,0.0332,0.754,0.449,8.29e-05,0.552,-9.211,0.109,77.169,0.357,1,7,84,1,1
2kdCIBJ24x9xjbTgyCgZsa,"Kiss Me, Kate: Were Thine That Special Face","['Cole Porter', 'Alfred Drake', 'Kiss Me, Kate Ensemble', 'Pembroke Davenport', 'Original Broadway Cast Orchestra']",248907,1949,1949,0.919,0.304,0.338,8.59e-05,0.246,-13.958,0.0363,83.151,0.376,0,10,0,0,0
5fHrHoJKfCgBd35zwIBmUK,D4L,"['Future', 'Drake', 'Young Thug']",189176,5/1/20,2020,0.0128,0.718,0.706,0.0,0.352,-5.709,0.06,170.004,0.815,1,1,79,1,1
3FFcZZq3Z3EJrhUecwcMdG,She Will,"['Lil Wayne', 'Drake']",305840,1/1/11,2011,0.000402,0.364,0.841,0.0,0.242,-4.831,0.119,100.14,0.0837,1,8,63,1,1
2WP8G2pdddDmnh1xbfKBOI,Finesse,['Drake'],182080,6/29/18,2018,0.133,0.807,0.32,0.000328,0.101,-8.152,0.0582,94.99,0.298,0,0,71,0,1
7rC5Pl8rQSX4myONQHYPBK,Mob Ties,['Drake'],205147,6/29/18,2018,0.0456,0.755,0.575,0.00124,0.276,-8.393,0.0678,85.987,0.49,0,4,73,1,1
4aPB8rSxGFISs0o6V2LrTy,Gold Roses (feat. Drake),"['Rick Ross', 'Drake']",345160,7/26/19,2019,0.0519,0.581,0.642,0.0,0.183,-5.318,0.407,80.142,0.536,1,1,63,1,1
2FpGKiMD2kGDn8Lb9RLRLk,Birthday Suit,['Cosmo Sheldrake'],80407,4/6/18,2018,0.828,0.739,0.575,7.35e-05,0.121,-8.109,0.22,62.474,0.532,1,8,59,0,2
6jBS2Es64QpNb7NNZ7i4hP,Galaxie,"['Pete Drake', 'Little Roy Wiggins']",132565,1962,1962,0.464,0.465,0.415,0.702,0.0954,-10.532,0.0313,120.465,0.626,1,5,13,0,2
1XWcdNQvGrX32fH09CwuWI,100it Racks,"['Future', '2 Chainz', 'Drake']",265038,10/13/16,2016,0.226,0.82,0.599,0.0489,0.105,-9.796,0.141,137.022,0.356,0,10,55,1,1
17q1nFo1UQvXiQ8TD7aI8H,Come Along,['Cosmo Sheldrake'],219413,10/12/17,2017,0.76,0.649,0.699,0.00474,0.208,-5.531,0.0846,97.967,0.309,0,0,55,0,1
5tFep7dXGd7vEJ668wTPux,Both (feat. Drake),"['Gucci Mane', 'Drake']",190312,12/16/16,2016,0.119,0.85,0.405,0.000118,0.0707,-7.509,0.225,139.976,0.344,0,7,69,1,1
2SDOxSSTYJlJYQYwHLadFQ,"Kiss Me, Kate: Finale: Kiss Me, Kate","['Cole Porter', 'Alfred Drake', 'Patricia Morison', 'Kiss Me, Kate Ensemble', 'Pembroke Davenport', 'Original Broadway Cast Orchestra']",47107,1949,1949,0.848,0.357,0.467,0.0,0.303,-7.94,0.114,187.404,0.916,1,10,0,0,2
63FCIsp86gqsScFOUJaY2J,The Olive Tree,['Alfred Drake'],157333,1953,1953,0.965,0.417,0.328,3.24e-05,0.137,-13.427,0.0607,79.183,0.554,1,1,6,0,0
3EEkEiU3FCFtqHTjFMHCn2,Flu Flamming,['Drakeo the Ruler'],140258,12/26/17,2017,0.354,0.897,0.639,0.0,0.114,-6.287,0.355,94.093,0.488,0,9,55,1,1
4i3GraNMzBKze1WsVl38DS,Bria's Interlude (feat. Omarion),"['Drake', 'Omarion']",139575,2009,2009,0.209,0.49,0.507,0.00104,0.119,-6.205,0.0849,147.037,0.237,0,2,52,1,1
6cblRiEGDRNZgowcm951R3,Sandra’s Rose,['Drake'],216333,6/29/18,2018,0.0481,0.487,0.849,0.0,0.143,-5.432,0.246,152.093,0.52,1,1,64,1,1
5eCRkTcecpAXVWtS11GP5C,From Time,"['Drake', 'Jhené Aiko']",322160,1/1/13,2013,0.626,0.738,0.491,0.0,0.126,-9.726,0.413,94.378,0.448,0,1,52,1,2
66790TBuwlIrGxWWTVc6yl,Day Is Done,['Nick Drake'],146027,7/3/69,1969,0.603,0.487,0.298,0.682,0.161,-15.225,0.0328,124.332,0.457,0,2,46,0,2
4gaz3uvhKgO078XcdzyPsl,Money To Blow - Street Version,"['Birdman', 'Lil Wayne', 'Drake']",258587,1/1/09,2009,0.0095,0.709,0.578,0.0,0.353,-8.686,0.0631,133.027,0.696,1,6,56,1,1
4PA16FAl8LPmFmOhARawdV,Weston Road Flows,['Drake'],253533,5/6/16,2016,0.0635,0.623,0.74,0.0,0.366,-6.945,0.307,82.874,0.351,1,1,59,1,1
7unUg1rIAVXyYVH5LPHc4R,Introduction,['Nick Drake'],92307,3/6/70,1970,0.0798,0.254,0.177,0.853,0.148,-19.158,0.035,91.153,0.361,1,7,41,0,0
1IWXAWo4u0H1D0QvSpvldn,Tony Montana (feat. Drake),"['Future', 'Drake']",245960,11/27/12,2012,0.011,0.674,0.732,0.0,0.439,-5.3,0.0724,143.12,0.247,0,10,45,1,1
7qje9qxLncMESiPeI27SAn,Say Something (Featuring Drake),"['Timbaland', 'Drake']",240920,1/1/09,2009,0.0845,0.555,0.713,0.0,0.712,-4.549,0.0911,79.934,0.725,1,11,55,0,1
5ry2OE6R2zPQFDO85XkgRb,Money In The Grave (Drake ft. Rick Ross),"['Drake', 'Rick Ross']",205427,6/15/19,2019,0.101,0.831,0.502,0.0,0.122,-4.045,0.046,100.541,0.101,0,10,85,1,1
2durxb17bXcmQJHSt8JAdO,No Tellin',['Drake'],310933,2/12/15,2015,0.543,0.823,0.467,1.06e-06,0.135,-10.394,0.301,95.026,0.618,0,0,61,1,2
76kyKtPLsFbQkdQ86QrkF4,Plastic Bag,"['Drake', 'Future']",202085,9/20/15,2015,0.0104,0.845,0.479,1.79e-06,0.157,-6.065,0.298,170.919,0.35,1,1,57,1,1
6LxSe8YmdPxy095Ux6znaQ,Headlines,['Drake'],235987,11/15/11,2011,0.365,0.636,0.566,0.000353,0.0917,-7.16,0.106,151.894,0.425,0,6,72,1,1
4cRBqWBjuccCowYVHFlXK6,Redemption,['Drake'],333947,5/6/16,2016,0.612,0.694,0.314,2.04e-06,0.117,-7.82,0.117,119.906,0.338,1,0,64,1,2
2sqsNXfN0HtgDEgaHXiUTa,Won't Be Late (feat. Drake),"['Swae Lee', 'Drake']",218710,8/16/19,2019,0.0824,0.915,0.588,0.000169,0.104,-6.302,0.0677,123.936,0.329,0,7,72,0,1
2pwPtne9zCNTsyYZDLHxDf,Poppin Bottles (feat. Drake),"['T.I.', 'Drake']",320160,12/6/10,2010,0.00189,0.629,0.853,0.0,0.34,-4.36,0.104,78.033,0.373,1,0,54,1,1
3fpTMuD1u3gJlVI4FadVHs,Fancy,"['Drake', 'T.I.', 'Swizz Beatz']",319387,1/1/10,2010,0.332,0.53,0.884,1.98e-06,0.355,-5.581,0.457,87.194,0.28,0,0,57,1,1
1chlt9Ig8WaeZEf0zOs8d8,I Believe,"['Jimmy Shirl', 'Al Stillman', 'Ervin M. Drake', 'Irvin Graham', 'Richard Tucker', 'Skitch Henderson & His Orchestra', 'Skitch Henderson', 'Skitch Henderson Orchestra']",156640,1950,1950,0.977,0.208,0.277,3.64e-06,0.128,-11.127,0.0354,170.492,0.143,1,4,0,0,0
7EAI848gzAJpFsEmk6Wi3c,Pound Cake / Paris Morton Music 2,"['Drake', 'JAY-Z']",433800,1/1/13,2013,0.139,0.521,0.762,1.11e-05,0.114,-6.75,0.534,164.289,0.264,1,2,51,1,1
4lEFOQiVlXsC8nejwMDQpG,Livin' The Dream,['Drake White'],187827,8/19/16,2016,0.0153,0.603,0.862,0.0,0.115,-4.461,0.0429,98.075,0.396,1,8,54,0,1
36vUpPVIKGQ41Tks2BfPNY,And This Is My Beloved,"['Doretta Morrow', 'Alfred Drake', 'Richard Kiley', 'Henry Calvin']",282093,1953,1953,0.969,0.302,0.34,0.009,0.196,-11.507,0.0354,94.703,0.151,1,5,9,0,0
1pYKzfOlpHWtVUiEIu4Vn7,What's My Name?,"['Rihanna', 'Drake']",263173,11/15/10,2010,0.223,0.695,0.782,0.0,0.0773,-2.967,0.0629,99.992,0.595,1,2,62,0,1
05KOgYg8PGeJyyWBPi5ja8,Free Smoke,['Drake'],218674,3/18/17,2017,0.0681,0.736,0.491,0.0,0.571,-6.892,0.439,141.979,0.203,0,10,64,1,1
75L0qdzRnhwV62UXoNq3pE,Up All Night,"['Drake', 'Nicki Minaj']",234333,1/1/10,2010,0.00782,0.606,0.811,1.49e-05,0.349,-4.667,0.278,156.347,0.276,1,7,61,1,1
5yY9lUy8nbvjM1Uyo1Uqoc,Life Is Good (feat. Drake),"['Future', 'Drake']",237735,1/10/20,2020,0.0706,0.676,0.609,0.0,0.152,-5.831,0.481,142.037,0.508,0,2,90,1,1
3922kPG1JMYBNhACLo9j3f,4 My Town (Play Ball),"['Birdman', 'Drake', 'Lil Wayne']",261267,1/1/09,2009,0.0546,0.615,0.619,0.0,0.31,-6.567,0.231,152.105,0.521,1,1,44,1,1
7sBwAWyXfiIgrYQ8BaJESH,Keep The Family Close,['Drake'],328907,5/6/16,2016,0.148,0.395,0.567,0.0,0.381,-7.687,0.0529,133.403,0.186,0,9,58,1,1
5eEj1vkMIqtmvaTk7cS4UC,She Will,"['Lil Wayne', 'Drake']",305840,1/1/11,2011,0.000402,0.364,0.841,0.0,0.242,-4.831,0.119,100.14,0.0837,1,8,51,1,1
4XFZey4zmgQV551M0hfaUg,Horn,['Nick Drake'],81067,2/25/72,1972,0.917,0.578,0.0226,0.823,0.139,-20.664,0.173,137.052,0.145,1,1,53,0,0
6UgxOrbHWJeqHvh0ost7Aa,Too Much,"['Drake', 'Sampha']",261853,1/1/13,2013,0.173,0.637,0.569,0.0,0.18,-5.858,0.55,140.269,0.148,1,6,59,1,1
41a7dZcq30Ss5kPMayWRV0,That’s How You Feel,['Drake'],157605,6/29/18,2018,0.117,0.85,0.473,0.0105,0.108,-5.747,0.209,85.454,0.38,0,10,65,1,1
6x3HF1SdlVeZqOb7soisuh,Fruit Tree,['Nick Drake'],286280,7/3/69,1969,0.739,0.346,0.271,0.69,0.0947,-16.372,0.0308,124.882,0.215,0,4,40,0,0
6vN77lE9LK6HP2DewaN6HZ,Yes Indeed,"['Lil Baby', 'Drake']",142273,5/18/18,2018,0.035,0.964,0.346,0.0,0.108,-9.309,0.53,119.958,0.562,0,5,80,1,3
1GpSXGBCDDHKRrOTqg4jdr,Marvins Room,['Drake'],347587,1/1/11,2011,0.649,0.412,0.254,0.00124,0.0841,-17.448,0.0964,168.068,0.332,0,9,56,1,0
6Z01gUquJsjJC67uNWm6P0,Shot For Me,['Drake'],224720,11/15/11,2011,0.0555,0.566,0.465,0.0,0.567,-11.714,0.235,143.015,0.177,1,2,64,1,1
4PWY72AubTjoZrohQt0pWn,Tuesday (feat. Drake),"['ILOVEMAKONNEN', 'Drake']",321987,12/15/14,2014,0.215,0.77,0.664,0.000118,0.105,-5.604,0.211,140.163,0.472,1,0,56,1,1
5lc8or13c2lgTWTOVIos6W,At The Chime Of A City Clock,['Nick Drake'],285613,3/6/70,1970,0.589,0.482,0.209,0.000723,0.121,-19.163,0.0354,99.764,0.174,0,8,44,0,0
2w9K8zyrxcAwRKRti0BvFa,Mr. Wrong,"['Mary J. Blige', 'Drake']",241853,1/1/11,2011,0.193,0.693,0.676,8.18e-06,0.126,-5.024,0.15,143.057,0.461,0,0,51,0,1
2KvHC9z14GSl4YpkNMX384,Do Not Disturb,['Drake'],283551,3/18/17,2017,0.246,0.618,0.693,0.0,0.112,-5.943,0.45,170.982,0.454,0,7,71,1,1
6G8kHiVZ1jW7vHMPVRNZU0,Don’t Matter To Me (with Michael Jackson),"['Drake', 'Michael Jackson']",245787,6/29/18,2018,0.493,0.826,0.318,0.0131,0.11,-12.391,0.0574,103.002,0.138,1,10,73,0,2
4MRT0dDbhqFKl67WzhUbSw,Only,"['Nicki Minaj', 'Drake', 'Lil Wayne', 'Chris Brown']",312027,12/15/14,2014,0.405,0.573,0.495,0.0,0.0969,-7.245,0.592,179.196,0.255,0,8,68,1,3
5W7xC99N2Zzfh69r7I7zWK,Aston Martin Music,"['Rick Ross', 'Drake', 'Chrisette Michele']",270627,1/1/10,2010,0.0125,0.57,0.58,0.0,0.0497,-5.547,0.209,171.917,0.405,0,10,67,1,1
0PXp9QxBfSKGGpWUNaws2X,Drama (feat. Drake),"['Roy Woods', 'Drake']",251860,7/31/15,2015,0.157,0.709,0.362,0.0,0.109,-9.814,0.055,122.043,0.113,1,11,76,1,1
5lwxQdXaOMlwGjqIu2c4K4,For Pete's Sake,['Pete Drake'],131544,1962,1962,0.804,0.56,0.415,0.902,0.149,-11.235,0.0274,93.609,0.971,1,0,17,0,2
1G0JddH0MHVg4VE03vheBm,Show Me A Good Time,['Drake'],210360,1/1/10,2010,0.0385,0.665,0.734,0.0,0.116,-6.066,0.117,128.311,0.706,0,6,47,1,1
4c2xt1trwYZpMqPWY35Xi9,Jaded,['Drake'],262453,6/29/18,2018,0.037,0.766,0.271,0.0,0.175,-5.697,0.0412,116.02,0.0371,1,0,66,1,1
0WHxt7NjSS6FvajiQTURJQ,Wildfire (OVO Remix),"['SBTRKT', 'Drake']",255139,10/4/11,2011,0.074,0.826,0.589,0.0,0.11,-5.489,0.392,139.751,0.297,0,5,43,0,1
6ImxYXeLDQPIv4qo7bMhSk,Company,"['Drake', 'Travis Scott']",252640,2/12/15,2015,0.0403,0.651,0.55,0.0,0.165,-8.215,0.0496,107.567,0.119,1,7,61,1,1
116H0KvKr2Zl4RPuVBruDO,MIA (feat. Drake),"['Bad Bunny', 'Drake']",210368,10/11/18,2018,0.0141,0.817,0.539,0.000496,0.099,-6.349,0.0621,97.062,0.158,0,6,80,0,1
6TxcaszFfnsCG6ZGkp6P98,Over the Bannister,"['Judy Garland', 'Tom Drake']",87107,1/1/45,1945,0.981,0.353,0.0288,6.15e-05,0.116,-23.687,0.044,83.159,0.27,1,10,15,0,0
4Wjhj0WjkyECccfHVIgaTq,Trust Issues,['Drake'],281519,8/2/19,2019,0.779,0.421,0.539,0.0,0.111,-5.456,0.274,89.177,0.523,0,11,68,1,2
4n1bdaKwynQndm47x5HqWX,Blue Tint,['Drake'],162800,6/29/18,2018,0.013,0.888,0.372,0.0,0.184,-10.254,0.358,133.998,0.123,0,7,64,1,1
4BycRneKmOs6MhYG9THsuX,Find Your Love,['Drake'],208947,1/1/10,2010,0.0211,0.627,0.614,0.0,0.0286,-6.006,0.17,96.038,0.758,0,6,60,0,1
637A7SaHyjxQEHyUMb30hx,Off That,"['JAY-Z', 'Drake']",246507,9/8/09,2009,0.279,0.564,0.929,0.0,0.149,-3.839,0.275,110.539,0.808,1,1,46,1,1
4dwioEAIrPrHeHbtczy1zk,"Kiss Me, Kate: We Open in Venice","['Cole Porter', 'Alfred Drake', 'Patricia Morison', 'Lisa Kirk', 'Harold Lang', 'Pembroke Davenport', 'Original Broadway Cast Orchestra']",133773,1949,1949,0.706,0.722,0.37,0.0,0.178,-12.294,0.557,121.372,0.872,1,10,0,0,3
1v24T2ug4TlssYZvI3aL4O,Lust For Life,['Drake'],176179,2009,2009,0.939,0.462,0.422,0.0327,0.108,-10.381,0.175,87.364,0.0853,1,6,58,1,0
63FrXif0Pdu4NAPvTh87mw,Mine (feat. Drake),"['Beyoncé', 'Drake']",378600,11/24/14,2014,0.0673,0.557,0.428,0.0019,0.139,-11.299,0.137,103.009,0.0996,1,5,59,1,1
6MbH1QiphMCPTqVEVC7UYi,Nothings Into Somethings,['Drake'],153725,3/18/17,2017,0.332,0.766,0.234,0.00156,0.358,-7.544,0.159,96.882,0.256,0,11,59,0,2
